celex,procedure_ref,procedure_type,title,filing_date,post_ep_vote_date,post_adoption_date,status,status_date,final_celex,days_to_status
52021PC0025,2021/0012/COD,OLP,"Proposal for a REGULATION OF THE EUROPEAN PARLIAMENT AND OF THE COUNCIL laying down specific and temporary measures in view of the COVID-19 outbreak concerning the renewal or extension of certain certificates, licences and authorisations and the postponement of certain periodic checks and periodic training in certain areas of transport legislation, for reference periods subsequent to those referred to in Regulation (EU) 2020/698",2021-01-18,,2021-02-16,Passed,2021-02-22,32021R0267,35
52021PC0028,2021/0015/CNS,CNS,Proposal for a COUNCIL REGULATION amending Council Regulation (EU) No 389/2012 on administrative cooperation in the field of excise duties as regards the content of electronic registers,2021-01-26,,2021-05-10,Passed,2021-05-12,32021R0774,106
52021PC0037,2021/0020/COD,OLP,"Proposal for a REGULATION OF THE EUROPEAN PARLIAMENT AND OF THE COUNCIL on statistics on agricultural input and output and repealing Regulations (EC) No 1165/2008, (EC) No 543/2009, (EC) No 1185/2009 and Council Directive 96/16/EC",2021-02-02,2022-10-04,2022-11-23,Passed,2022-12-07,32022R2379,673
52021PC0036,2021/0019/COD,OLP,"Proposal for a REGULATION OF THE EUROPEAN PARLIAMENT AND OF THE COUNCIL on the extension of the term of Community plant variety rights for the species asparagus and the species groups flower bulbs, woody small fruits and woody ornamentals",2021-02-03,2021-09-14,2021-10-20,Passed,2021-10-26,32021R1873,265
52021PC0054,2021/0031/COD,OLP,Proposal for a REGULATION OF THE EUROPEAN PARLIAMENT AND OF THE COUNCIL amending Regulation (EC) No 138/2004 of the European Parliament and of the Council as regards regional economic accounts for agriculture,2021-02-12,2022-03-08,2022-04-06,Passed,2022-04-12,32022R0590,424
52021PC0089,2021/0049/COD,OLP,Proposal for a DECISION OF THE EUROPEAN PARLIAMENT AND OF THE COUNCIL on the participation of the Union in the European Partnership on Metrology jointly undertaken by several Member States,2021-02-23,2021-11-11,2021-11-24,Passed,2021-11-30,32021D2084,280
52021PC0085,2021/0045/COD,OLP,Proposal for a REGULATION OF THE EUROPEAN PARLIAMENT AND OF THE COUNCIL on roaming on public mobile communications networks within the Union (recast),2021-02-24,2022-03-24,2022-04-06,Passed,2022-04-13,32022R0612,413
52021PC0113,2021/0058/COD,OLP,"Proposal for a REGULATION OF THE EUROPEAN PARLIAMENT AND OF THE COUNCIL laying down management, conservation and control measures applicable in the Indian Ocean Tuna Commission (IOTC) Area of Competence, amending Council Regulations (EC) No 1936/2001, (EC) No 1984/2003 and (EC) No 520/2007",2021-03-11,2022-10-04,2022-11-23,Passed,2022-12-02,32022R2343,631
52021PC0115,2021/0060/COD,OLP,Proposal for a REGULATION OF THE EUROPEAN PARLIAMENT AND OF THE COUNCIL implementing the Kimberley Process certification scheme for the international trade in rough diamonds (recast),2021-03-12,,,Stuck,2021-08-18,,159
52021PC0130,2021/0068/COD,OLP,"Proposal for a REGULATION OF THE EUROPEAN PARLIAMENT AND OF THE COUNCIL on a framework for the issuance, verification and acceptance of interoperable certificates on vaccination, testing and recovery to facilitate free movement during the COVID-19 pandemic (Digital Green Certificate)",2021-03-17,,2021-06-14,Passed,2021-06-15,32021R0953,90
52021PC0140,2021/0071/COD,OLP,"Proposal for a REGULATION OF THE EUROPEAN PARLIAMENT AND OF THE COUNCIL on a framework for the issuance, verification and acceptance of interoperable certificates on vaccination, testing and recovery to third-country nationals legally staying or legally residing in the territories of Member States during the COVID-19 pandemic (Digital Green Certificate)",2021-03-17,,2021-06-14,Passed,2021-06-15,32021R0954,90
52021PC0181,2021/0097/CNS,CNS,"Proposal for a COUNCIL DIRECTIVE amending Directive 2006/112/EC as regards exemptions on importations and on certain supplies, in respect of Union measures in the public interest",2021-04-12,,2021-07-13,Passed,2021-07-15,32021L1159,94
52021PC0189,2021/0104/COD,OLP,"Proposal for a DIRECTIVE OF THE EUROPEAN PARLIAMENT AND OF THE COUNCIL amending Directive 2013/34/EU, Directive 2004/109/EC, Directive 2006/43/EC and Regulation (EU) No 537/2014, as regards corporate sustainability reporting",2021-04-21,2022-11-10,2022-12-14,Passed,2022-12-16,32022L2464,604
52021PC0198,2021/0103/COD,OLP,Proposal for a REGULATION OF THE EUROPEAN PARLIAMENT AND OF THE COUNCIL laying down conservation and management measures applicable in the Western and Central Pacific Fisheries Convention Area and amending Council Regulation (EC) No 520/2007,2021-04-23,2022-09-13,2022-10-19,Passed,2022-10-26,32022R2056,551
52021PC0223,2021/0114/COD,OLP,Proposal for a REGULATION OF THE EUROPEAN PARLIAMENT AND OF THE COUNCIL on foreign subsidies distorting the internal market,2021-05-05,2022-05-04,2022-12-14,Passed,2022-12-23,32022R2560,597
52021PC0231,2021/0118/COD,OLP,Proposal for a REGULATION OF THE EUROPEAN PARLIAMENT AND OF THE COUNCIL replacing Annexes A and B to Regulation (EU) 2015/848 on insolvency proceedings,2021-05-11,2021-11-23,2021-12-15,Passed,2021-12-20,32021R2260,223
52021PC0254,2021/0129/COD,OLP,"Proposal for a REGULATION OF THE EUROPEAN PARLIAMENT AND OF THE COUNCIL amending Regulation (EU) 2016/1628 as regards the transitional provisions of certain machinery fitted with engines in the power range between 56kW and 130kW, and above 300kW in order to address the impact of COVID-19 crisis",2021-05-18,,2021-06-24,Passed,2021-06-30,32021R1068,43
52021PC0356,2021/0176/COD,OLP,"Proposal for a REGULATION OF THE EUROPEAN PARLIAMENT AND OF THE COUNCIL amending Regulation (EU) No 1380/2013 of the European Parliament and of the Council of 11 December 2013, as regards restrictions to the access to Union waters",2021-07-05,2022-11-22,2022-12-14,Passed,2022-12-20,32022R2495,533
52021PC0391,2021/0191/COD,OLP,Proposal for a REGULATION OF THE EUROPEAN PARLIAMENT AND OF THE COUNCIL on European green bonds,2021-07-06,2023-10-05,2023-11-22,Passed,2023-11-30,32023R2631,877
52021PC0392,2021/0209/CNS,CNS,Proposal for a COUNCIL REGULATION temporarily suspending autonomous Common Customs Tariff duties on imports of certain industrial products into the Canary Islands,2021-07-14,2021-10-05,2021-11-23,Passed,2021-11-25,32021R2048,134
52021PC0554,2021/0201/COD,OLP,"Proposal for a REGULATION OF THE EUROPEAN PARLIAMENT AND OF THE COUNCIL amending Regulations (EU) 2018/841 as regards the scope, simplifying the compliance rules, setting out the targets of the Member States for 2030 and committing to the collective achievement of climate neutrality by 2035 in the land use, forestry and agriculture sector, and (EU) 2018/1999 as regards improvement in monitoring, reporting, tracking of progress and review",2021-07-14,2022-06-08,2023-04-19,Passed,2023-04-21,32023R0839,646
52021PC0555,2021/0200/COD,OLP,Proposal for a REGULATION OF THE EUROPEAN PARLIAMENT AND OF THE COUNCIL amending Regulation (EU) 2018/842 on binding annual greenhouse gas emission reductions by Member States from 2021 to 2030 contributing to climate action to meet commitments under the Paris Agreement,2021-07-14,2022-06-08,2023-04-19,Passed,2023-04-26,32023R0857,651
52021PC0557,2021/0218/COD,OLP,"Proposal for a DIRECTIVE OF THE EUROPEAN PARLIAMENT AND OF THE COUNCIL amending Directive (EU) 2018/2001 of the European Parliament and of the Council, Regulation (EU) 2018/1999 of the European Parliament and of the Council and Directive 98/70/EC of the European Parliament and of the Council as regards the promotion of energy from renewable sources, and repealing Council Directive (EU) 2015/652",2021-07-14,2022-09-14,2023-10-18,Passed,2023-10-31,32023L2413,839
52021PC0561,2021/0205/COD,OLP,Proposal for a REGULATION OF THE EUROPEAN PARLIAMENT AND OF THE COUNCIL on ensuring a level playing field for sustainable air transport,2021-07-14,2022-07-07,2023-10-18,Passed,2023-10-31,32023R2405,839
52021PC0563,2021/0213/CNS,CNS,Proposal for a COUNCIL DIRECTIVE restructuring the Union framework for the taxation of energy products and electricity (recast),2021-07-14,,,Stuck,2025-11-10,,1580
52021PC0567,2021/0204/COD,OLP,Proposal for a DECISION OF THE EUROPEAN PARLIAMENT AND OF THE COUNCIL amending Directive 2003/87/EC as regards the notification of offsetting in respect of a global market-based measure for aircraft operators based in the Union,2021-07-14,2022-06-08,2023-01-18,Passed,2023-01-20,32023D0136,555
52021PC0568,2021/0206/COD,OLP,Proposal for a REGULATION OF THE EUROPEAN PARLIAMENT AND OF THE COUNCIL establishing a Social Climate Fund,2021-07-14,2022-06-22,2023-05-10,Passed,2023-05-16,32023R0955,671
52021PC0424,2021/0242/COD,OLP,Proposal for a REGULATION OF THE EUROPEAN PARLIAMENT AND OF THE COUNCIL laying down conservation and management measures for the Conservation of the Southern Bluefin Tuna,2021-07-28,2023-02-02,2023-03-15,Passed,2023-03-24,32023R0675,604
52021PC0434,2021/0248/COD,OLP,Proposal for a REGULATION OF THE EUROPEAN PARLIAMENT AND OF THE COUNCIL on certain provisions for fishing in the GFCM (General Fisheries Commission for the Mediterranean) Agreement area (recast),2021-07-30,,2023-10-04,Passed,2023-10-12,32023R2124,804
52021PC0477,2021/0270/COD,OLP,Proposal for a REGULATION OF THE EUROPEAN PARLIAMENT AND OF THE COUNCIL amending Regulation (EU) 2018/1091 as regards the Union contribution for the integrated farm statistics under the 2021-2027 financial framework,2021-08-12,2021-11-23,2021-12-15,Passed,2021-12-21,32021R2269,131
52021PC0574,2021/0293/COD,OLP,Proposal for a DECISION OF THE EUROPEAN PARLIAMENT AND OF THE COUNCIL establishing the 2030 Policy Programme “Path to the Digital Decade”,2021-09-15,2022-11-24,2022-12-14,Passed,2022-12-19,32022D2481,460
52021PC0579,2021/0297/COD,OLP,Proposal for a REGULATION OF THE EUROPEAN PARLIAMENT AND OF THE COUNCIL on applying a generalised scheme of tariff preferences and repealing Regulation (EU) No 978/2012 of the European Parliament and of the Council,2021-09-22,,2026-06-17,Passed,2026-06-22,32026R1395,1734
52021PC0547,2021/0291/COD,OLP,Proposal for a DIRECTIVE OF THE EUROPEAN PARLIAMENT AND OF THE COUNCIL amending Directive 2014/53/EU on the harmonisation of the laws of the Member States relating to the making available on the market of radio equipment,2021-09-23,2022-10-04,2022-11-23,Passed,2022-12-07,32022L2380,440
52021PC0663,2021/0341/COD,OLP,"Proposal for a DIRECTIVE OF THE EUROPEAN PARLIAMENT AND OF THE COUNCIL amending Directive 2013/36/EU as regards supervisory powers, sanctions, third-country branches, and environmental, social and governance risks, and amending Directive 2014/59/EU",2021-10-27,2024-04-24,2024-05-31,Passed,2024-06-19,32024L1619,966
52021PC0664,2021/0342/COD,OLP,"Proposal for a REGULATION OF THE EUROPEAN PARLIAMENT AND OF THE COUNCIL amending Regulation (EU) No 575/2013 as regards requirements for credit risk, credit valuation adjustment risk, operational risk, market risk and the output floor",2021-10-27,2024-04-24,2024-05-31,Passed,2024-06-19,32024R1623,966
52021PC0665,2021/0343/COD,OLP,Proposal for a REGULATION OF THE EUROPEAN PARLIAMENT AND OF THE COUNCIL amending Regulation (EU) No 575/2013 and Directive 2014/59/EU as regards the prudential treatment of global systemically important institution groups with a multiple point of entry resolution strategy and a methodology for the indirect subscription of instruments eligible for meeting the minimum requirement for own funds and eligible liabilities,2021-10-27,2022-09-13,2022-10-19,Passed,2022-10-25,32022R2036,363
52021PC0656,2021/0340/COD,OLP,Proposal for a REGULATION OF THE EUROPEAN PARLIAMENT AND OF THE COUNCIL amending Annexes IV and V to Regulation (EU) 2019/1021 of the European Parliament and of the Council on persistent organic pollutants,2021-10-28,2022-05-03,2022-11-23,Passed,2022-12-09,32022R2400,407
52021PC0753,2021/0387/COD,OLP,Proposal for a REGULATION OF THE EUROPEAN PARLIAMENT AND OF THE COUNCIL on measures against transport operators that facilitate or engage in trafficking in persons or smuggling of migrants in relation to illegal entry into the territory of the European Union,2021-11-23,,,Stuck,2025-06-27,,1312
52021PC0721,2021/0376/COD,OLP,"Proposal for a DIRECTIVE OF THE EUROPEAN PARLIAMENT AND OF THE COUNCIL amending Directives 2011/61/EU and 2009/65/EC as regards delegation arrangements, liquidity risk management, supervisory reporting, provision of depositary and custody services and loan origination by alternative investment funds",2021-11-25,,2024-03-13,Passed,2024-03-26,32024L0927,852
52021PC0722,2021/0377/COD,OLP,"Proposal for a REGULATION OF THE EUROPEAN PARLIAMENT AND OF THE COUNCIL amending Regulation (EU) 2015/760 as regards the scope of eligible assets and investments, the portfolio composition and diversification requirements, the borrowing of cash and other fund rules and as regards requirements pertaining to the authorisation, investment policies and operating conditions of European long-term investment funds",2021-11-25,2023-02-15,2023-03-15,Passed,2023-03-20,32023R0606,480
52021PC0724,2021/0379/COD,OLP,Proposal for a DIRECTIVE OF THE EUROPEAN PARLIAMENT AND OF THE COUNCIL amending certain Directives as regards the establishment and functioning of the European single access point,2021-11-25,2023-11-09,2023-12-13,Passed,2023-12-20,32023L2864,755
52021PC0725,2021/0380/COD,OLP,Proposal for a REGULATION OF THE EUROPEAN PARLIAMENT AND OF THE COUNCIL amending certain Regulations as regards the establishment and functioning of the European single access point,2021-11-25,2023-11-09,2023-12-13,Passed,2023-12-20,32023R2869,755
52021PC0726,2021/0384/COD,OLP,Proposal for a DIRECTIVE OF THE EUROPEAN PARLIAMENT AND OF THE COUNCIL amending Directive 2014/65/EU on markets in financial instruments,2021-11-25,2024-01-16,2024-02-28,Passed,2024-03-08,32024L0790,834
52021PC0727,2021/0385/COD,OLP,"Proposal for a REGULATION OF THE EUROPEAN PARLIAMENT AND OF THE COUNCIL amending Regulation (EU) No 600/2014 as regards enhancing market data transparency, removing obstacles to the emergence of a consolidated tape, optimising the trading obligations and prohibiting receiving payments for forwarding client orders",2021-11-25,2024-01-16,2024-02-28,Passed,2024-03-08,32024R0791,834
52021PC0731,2021/0381/COD,OLP,Proposal for a REGULATION OF THE EUROPEAN PARLIAMENT AND OF THE COUNCIL on the transparency and targeting of political advertising,2021-11-25,2023-02-02,2024-03-13,Passed,2024-03-20,32024R0900,846
52021PC0733,2021/0373/CNS,CNS,Proposal for a COUNCIL DIRECTIVE laying down detailed arrangements for the exercise of the right to vote and to stand as a candidate in municipal elections by Union citizens residing in a Member State of which they are not nationals (recast),2021-11-25,,2026-05-26,Passed,2026-06-04,32026L1194,1652
52021PC0734,2021/0375/COD,OLP,Proposal for a REGULATION OF THE EUROPEAN PARLIAMENT AND OF THE COUNCIL on the statute and funding of European political parties and European political foundations (recast),2021-11-25,2022-09-15,2025-11-26,Passed,2025-12-08,32025R2445,1474
52021PC0752,2021/0401/CNS,CNS,"Proposal for a COUNCIL DECISION on provisional emergency measures for the benefit of Latvia, Lithuania and Poland",2021-12-01,,,Withdrawn,2025-10-06,,1405
52021PC0757,2021/0393/COD,OLP,"Proposal for a REGULATION OF THE EUROPEAN PARLIAMENT AND OF THE COUNCIL amending Regulation (EU) 2018/1727 of the European Parliament and the Council and Council Decision 2005/671/JHA, as regards the digital information exchange in terrorism cases",2021-12-01,,2023-10-04,Passed,2023-10-11,32023R2131,679
52021PC0760,2021/0395/COD,OLP,"Proposal for a DIRECTIVE OF THE EUROPEAN PARLIAMENT AND OF THE COUNCIL amending Council Directive 2003/8/EC, Council Framework Decisions 2002/465/JHA, 2002/584/JHA, 2003/577/JHA, 2005/214/JHA, 2006/783/JHA, 2008/909/JHA, 2008/947/JHA, 2009/829/JHA and 2009/948/JHA, and Directive 2014/41/EU of the European Parliament and of the Council, as regards digitalisation of judicial cooperation",2021-12-01,2023-11-23,2023-12-13,Passed,2023-12-27,32023L2843,756
52021PC0769,2021/0400/COD,OLP,Proposal for a DIRECTIVE OF THE EUROPEAN PARLIAMENT AND OF THE COUNCIL laying down for certain road vehicles circulating within the Union the maximum authorised dimensions in national and international traffic and the maximum authorised weights in international traffic (codification),2021-12-07,,,Withdrawn,2025-10-06,,1399
52021PC0782,2021/0411/COD,OLP,"Proposal for a DIRECTIVE OF THE EUROPEAN PARLIAMENT AND OF THE COUNCIL on information exchange between law enforcement authorities of Member States, repealing Council Framework Decision 2006/960/JHA",2021-12-08,2023-03-15,2023-05-10,Passed,2023-05-22,32023L0977,530
52021PC0784,2021/0410/COD,OLP,"Proposal for a REGULATION OF THE EUROPEAN PARLIAMENT AND OF THE COUNCIL on automated data exchange for police cooperation (“Prüm II”), amending Council Decisions 2008/615/JHA and 2008/616/JHA and Regulations (EU) 2018/1726, 2019/817 and 2019/818 of the European Parliament and of the Council",2021-12-08,,2024-03-13,Passed,2024-04-05,32024R0982,849
52021PC0776,2021/0407/COD,OLP,Proposal for a REGULATION OF THE EUROPEAN PARLIAMENT AND OF THE COUNCIL amending Regulation (EU) No 549/2013 and repealing 11 legal acts in the field of national accounts,2021-12-10,2023-02-02,2023-03-15,Passed,2023-04-05,32023R0734,481
52021PC0812,2021/0420/COD,OLP,"Proposal for a REGULATION OF THE EUROPEAN PARLIAMENT AND OF THE COUNCIL on Union guidelines for the development of the trans-European transport network, amending Regulation (EU) 2021/1153 and Regulation (EU) No 913/2010 and repealing Regulation (EU) 1315/2013",2021-12-14,2024-04-24,2024-06-13,Passed,2024-06-28,32024R1679,927
52021PC0813,2021/0419/COD,OLP,Proposal for a DIRECTIVE OF THE EUROPEAN PARLIAMENT AND OF THE COUNCIL amending Directive 2010/40/EU on the framework for the deployment of Intelligent Transport Systems in the field of road transport and for interfaces with other modes of transport,2021-12-14,2023-10-03,2023-11-22,Passed,2023-11-30,32023L2661,716
52021PC0890,2021/0427/COD,OLP,Proposal for a REGULATION OF THE EUROPEAN PARLIAMENT AND OF THE COUNCIL addressing situations of instrumentalisation in the field of migration and asylum,2021-12-14,,,Withdrawn,2025-10-06,,1392
52021PC0802,2021/0426/COD,OLP,Proposal for a DIRECTIVE OF THE EUROPEAN PARLIAMENT AND OF THE COUNCIL on the energy performance of buildings (recast),2021-12-15,2023-03-14,2024-04-24,Passed,2024-05-08,32024L1275,875
52021PC0803,2021/0425/COD,OLP,Proposal for a DIRECTIVE OF THE EUROPEAN PARLIAMENT AND OF THE COUNCIL on common rules for the internal markets in renewable and natural gases and in hydrogen,2021-12-15,2024-04-11,2024-06-13,Passed,2024-07-15,32024L1788,943
52021PC0817,2021/0418/CNS,CNS,Proposal for a COUNCIL DIRECTIVE amending Directive 2008/118/EC and Directive (EU) 2020/262 (recast) as regards tax-free shops situated in the French terminal of the Channel Tunnel,2021-12-16,2022-03-09,2022-04-05,Passed,2022-04-06,32022L0543,111
52021PC0998,2021/0432/COD,OLP,"Proposal for a REGULATION OF THE EUROPEAN PARLIAMENT AND OF THE COUNCIL amending Regulation (EU) No 536/2014 as regards a derogation from certain obligations concerning investigational medicinal products made available in the United Kingdom with respect to Northern Ireland as well as in Cyprus, Ireland and Malta",2021-12-17,2022-04-07,2022-04-12,Passed,2022-04-20,32022R0641,124
52021PC0565,2021/0434/CNS,CNS,Proposal for a COUNCIL DIRECTIVE laying down rules to prevent the misuse of shell entities for tax purposes and amending Directive 2011/16/EU,2021-12-22,2023-01-17,,Stuck,2023-01-17,,391
52021PC0569,2021/0429/APP,APP,"Proposal for a COUNCIL REGULATION amending Regulation (EU, Euratom) 2020/2093 laying down the multiannual financial framework for the years 2021 to 2027",2021-12-22,,,Withdrawn,2024-05-06,,866
52021PC0570,2021/0430/CNS,CNS,"Proposal for a COUNCIL DECISION amending Decision (EU, Euratom) 2020/2053 on the system of own resources of the European Union",2021-12-22,2022-11-23,,Stuck,2024-01-10,,749
52021PC0823,2021/0433/CNS,CNS,Proposal for a COUNCIL DIRECTIVE on ensuring a global minimum level of taxation for multinational groups in the Union,2021-12-22,2022-05-19,2022-12-15,Passed,2022-12-22,32022L2523,365
52022PC0009,2022/0005/NLE,OLP,"Proposal for a COUNCIL DECISION on the extension of the Agreement on the promotion, provision and use of Galileo and GPS satellite-based navigation systems and related applications between the European Community and its Member States and the United States of America",2022-01-14,2022-06-07,2022-06-27,Passed,2022-07-01,32022D1089,168
52022PC0026,2022/0016/COD,OLP,Proposal for a DECISION OF THE EUROPEAN PARLIAMENT AND OF THE COUNCIL amending Council Decision 2003/17/EC as regards its period of application and as regards the equivalence of field inspections carried out in Bolivia on cereal seed-producing crops and oil and fibre plant seed-producing crops and on the equivalence of cereal seed and oil and fibre plant seed produced in Bolivia,2022-01-27,2022-04-05,2022-05-30,Passed,2022-06-03,32022D0871,127
52022PC0037,2022/0026/COD,OLP,Proposal for a DECISION OF THE EUROPEAN PARLIAMENT AND OF THE COUNCIL on providing macro-financial assistance to Ukraine,2022-02-01,2022-02-16,2022-02-24,Passed,2022-02-28,32022D0313,27
52022PC0032,2022/0021/COD,OLP,Proposal for a REGULATION OF THE EUROPEAN PARLIAMENT AND OF THE COUNCIL amending Regulation (EU) No 1025/2012 as regards the decisions of European standardisation organisations concerning European standards and European standardisation deliverables,2022-02-02,2022-11-22,2022-12-14,Passed,2022-12-19,32022R2480,320
52022PC0055,2022/0030/COD,OLP,"Proposal for a REGULATION OF THE EUROPEAN PARLIAMENT AND OF THE COUNCIL amending Regulation (EU) 2021/954 on a framework for the issuance, verification and acceptance of interoperable COVID-19 vaccination, test and recovery certificates (EU Digital COVID Certificate) with regard to third-country nationals legally staying or residing in the territories of Member States during the COVID-19 pandemic amending Regulation (EU) 2021/954 on a framework for the issuance, verification and acceptance of interoperable COVID-19 vaccination, test and recovery certificates (EU Digital COVID Certificate) with regard to third-country nationals legally staying or residing in the territories of Member States during the COVID-19 pandemic",2022-02-03,2022-06-23,2022-06-29,Passed,2022-06-30,32022R1035,147
52022PC0046,2022/0032/COD,OLP,Proposal for a REGULATION OF THE EUROPEAN PARLIAMENT AND OF THE COUNCIL establishing a framework of measures for strengthening Europe's semiconductor ecosystem (Chips Act),2022-02-08,,,Passed,2023-09-18,,587
52022PC0057,2022/0039/COD,OLP,Proposal for a REGULATION OF THE EUROPEAN PARLIAMENT AND OF THE COUNCIL establishing the Union Secure Connectivity Programme for the period 2023-2027,2022-02-15,2023-02-14,2023-03-15,Passed,2023-03-17,32023R0588,395
52022PC0053,2022/0036/COD,OLP,Proposal for a DIRECTIVE OF THE EUROPEAN PARLIAMENT AND OF THE COUNCIL amending Directive 2003/25/EC as regards the inclusion of improved stability requirements and its alignment with stability requirements defined by the International Maritime Organisation,2022-02-18,2023-03-14,2023-05-10,Passed,2023-05-15,32023L0946,451
52022PC0068,2022/0047/COD,OLP,Proposal for a REGULATION OF THE EUROPEAN PARLIAMENT AND OF THE COUNCIL on harmonised rules on fair access to and use of data (Data Act),2022-02-23,2023-03-14,2023-12-13,Passed,2023-12-22,32023R2854,667
52022PC0105,2022/0066/COD,OLP,Proposal for a DIRECTIVE OF THE EUROPEAN PARLIAMENT AND OF THE COUNCIL on combating violence against women and domestic violence,2022-03-08,2024-04-24,2024-05-14,Passed,2024-05-24,32024L1385,808
52022PC0109,2022/0075/COD,OLP,Proposal for a REGULATION OF THE EUROPEAN PARLIAMENT AND OF THE COUNCIL amending Regulation (EU) No 1303/2013 and Regulation (EU) No 223/2014 as regards Cohesion’s Action for Refugees in Europe (CARE),2022-03-08,2022-03-24,2022-04-06,Passed,2022-04-08,32022R0562,31
52022PC0112,2022/0077/COD,OLP,"Proposal for a REGULATION OF THE EUROPEAN PARLIAMENT AND OF THE COUNCIL amending Regulation (EU) No 514/2014 laying down general provisions on the Asylum, Migration and Integration Fund amending Regulation (EU) 514/2014 laying down general provisions on the Asylum, Migration and Integration Fund and on the instrument for financial support for police cooperation, preventing and combating crime, and crisis management and amending Regulation (EU) No 516/2014 establishing the Asylum, Migration and Integration Fund and amending Regulation (EU) 2021/1147 establishing the Asylum, Migration and Integration Fund",2022-03-08,2022-03-24,2022-04-06,Passed,2022-04-11,32022R0585,34
52022PC0089,2022/0068/COD,OLP,"Proposal for a REGULATION OF THE EUROPEAN PARLIAMENT AND OF THE COUNCIL laying down rules for the exercise of the Union's rights in the implementation and enforcement of the Agreement on the withdrawal of the United Kingdom of Great Britain and Northern Ireland from the European Union and the European Atomic Energy Community and of the Trade and Cooperation Agreement between the European Union and the European Atomic Energy Community, of the one part, and the United Kingdom of Great Britain and Northern Ireland, of the other part",2022-03-11,2023-02-14,2023-03-15,Passed,2023-03-22,32023R0657,376
52022PC0102,2022/0072/APP,APP,"Proposal for a COUNCIL REGULATION amending Regulation (EU, Euratom) 2021/768 of 30 April 2021 as regards implementing measures for new own resources of the European Union",2022-03-14,,,Stuck,2024-01-10,,667
52022PC0120,2022/0074/COD,OLP,"Proposal for a REGULATION OF THE EUROPEAN PARLIAMENT AND OF THE COUNCIL amending Regulation (EU) No 909/2014 as regards settlement discipline, cross-border provision of services, supervisory cooperation, provision of banking-type ancillary services and requirements for third-country central securities depositories",2022-03-16,2023-11-09,2023-12-13,Passed,2023-12-27,32023R2845,651
52022PC0119,2022/0084/COD,OLP,"Proposal for a REGULATION OF THE EUROPEAN PARLIAMENT AND OF THE COUNCIL on information security in the institutions, bodies, offices and agencies of the Union",2022-03-22,,,Stuck,2025-10-22,,1310
52022PC0142,2022/0095/COD,OLP,Proposal for a REGULATION OF THE EUROPEAN PARLIAMENT AND OF THE COUNCIL establishing a framework for setting ecodesign requirements for sustainable products and repealing Directive 2009/125/EC,2022-03-30,2023-07-12,2024-06-13,Passed,2024-06-28,32024R1781,821
52022PC0143,2022/0092/COD,OLP,Proposal for a DIRECTIVE OF THE EUROPEAN PARLIAMENT AND OF THE COUNCIL amending Directives 2005/29/EC and 2011/83/EU as regards empowering consumers for the green transition through better protection against unfair practices and better information,2022-03-30,2023-05-11,,Passed,2024-02-20,,692
52022PC0156,2022/0104/COD,OLP,Proposal for a DIRECTIVE OF THE EUROPEAN PARLIAMENT AND OF THE COUNCIL amending Directive 2010/75/EU of the European Parliament and of the Council of 24 November 2010 on industrial emissions (integrated pollution prevention and control) and Council Directive 1999/31/EC of 26 April 1999 on the landfill of waste,2022-04-05,2023-07-11,2024-04-24,Passed,2024-07-15,32024L1785,832
52022PC0174,2022/0115/COD,OLP,Proposal for a REGULATION OF THE EUROPEAN PARLIAMENT AND OF THE COUNCIL on geographical indication protection for craft and industrial products and amending Regulations (EU) 2017/1001 and (EU) 2019/1753 of the European Parliament and of the Council and Council Decision (EU) 2019/1754,2022-04-13,,2023-10-18,Passed,2023-10-27,32023R2411,562
52022PC0179,2022/0118/COD,OLP,Proposal for a REGULATION OF THE EUROPEAN PARLIAMENT AND OF THE COUNCIL amending and correcting Regulation (EU) No 508/2014 as regards specific measures to alleviate the consequences of the military aggression of Russia against Ukraine on fishing activities and to mitigate the effects of the market disruption caused by that military aggression on the supply chain of fishery and aquaculture products,2022-04-13,2022-07-06,2022-07-18,Passed,2022-07-22,32022R1278,100
52022PC0171,2022/0111/COD,OLP,"Proposal for a REGULATION OF THE EUROPEAN PARLIAMENT AND OF THE COUNCIL amending Regulation (EU) 2017/2107 laying down management, conservation and control measures applicable in the Convention area of the International Commission for the Conservation of Atlantic Tunas (ICCAT) and Regulation (EU) .../2022 establishing a multiannual management plan for bluefin tuna in the eastern Atlantic and the Mediterranean",2022-04-21,,2024-03-13,Passed,2024-03-19,32024R0897,698
52022PC0184,2022/0125/COD,OLP,"Proposal for a REGULATION OF THE EUROPEAN PARLIAMENT AND OF THE COUNCIL amending Regulation (EU, Euratom) 2018/1046 on the financial rules applicable to the general budget of the Union",2022-04-22,,,Withdrawn,2025-10-06,,1263
52022PC0177,2022/0117/COD,OLP,Proposal for a DIRECTIVE OF THE EUROPEAN PARLIAMENT AND OF THE COUNCIL on protecting persons who engage in public participation from manifestly unfounded or abusive court proceedings (“Strategic lawsuits against public participation”),2022-04-27,2023-07-11,2024-04-11,Passed,2024-04-16,32024L1069,720
52022PC0189,2022/0135/COD,OLP,"Proposal for a REGULATION OF THE EUROPEAN PARLIAMENT AND OF THE COUNCIL amending Regulation (EU) 2018/1806, listing the third countries whose nationals must be in possession of visas when crossing the external borders and those whose nationals are exempt from that requirement (Kuwait, Qatar)",2022-04-27,,,Stuck,2022-12-05,,222
52022PC0195,2022/0138/COD,OLP,"Proposal for a REGULATION OF THE EUROPEAN PARLIAMENT AND OF THE COUNCIL on temporary trade liberalisation supplementing trade concessions applicable to Ukrainian products under the Association Agreement between the European Union and the European Atomic Energy Community and their Member States, of the one part, and Ukraine, of the other part",2022-04-27,2022-05-19,2022-05-30,Passed,2022-06-03,32022R0870,37
52022PC0650,2022/0134/COD,OLP,Proposal for a DIRECTIVE OF THE EUROPEAN PARLIAMENT AND OF THE COUNCIL concerning the status of third-country nationals who are long-term residents (recast),2022-04-27,,,Stuck,2023-11-28,,580
52022PC0655,2022/0131/COD,OLP,Proposal for a DIRECTIVE OF THE EUROPEAN PARLIAMENT AND OF THE COUNCIL on a single application procedure for a single permit for third-country nationals to reside and work in the territory of a Member State and on a common set of rights for third-country workers legally residing in a Member State (recast),2022-04-27,,2024-04-24,Passed,2024-04-30,32024L1233,734
52022PC0658,2022/0132/COD,OLP,"Proposal for a REGULATION OF THE EUROPEAN PARLIAMENT AND OF THE COUNCIL amending Regulations (EC) No 767/2008, (EC) No 810/2009 and (EU) 2017/2226 of the European Parliament and of the Council, Council Regulations (EC) No 1683/95, (EC) No 333/2002, (EC) No 693/2003 and (EC) No 694/2003 and Convention implementing the Schengen Agreement, as regards the digitalisation of the visa procedure",2022-04-27,,2023-11-22,Passed,2023-12-07,32023R2667,589
52022PC0197,2022/0140/COD,OLP,Proposal for a REGULATION OF THE EUROPEAN PARLIAMENT AND OF THE COUNCIL on the European Health Data Space,2022-05-03,2023-12-13,2025-02-11,Passed,2025-03-05,32025R0327,1037
52022PC0204,2022/0147/COD,OLP,Proposal for a DIRECTIVE OF THE EUROPEAN PARLIAMENT AND OF THE COUNCIL amending Directive 2011/83/EU concerning financial services contracts concluded at a distance and repealing Directive 2002/65/EC,2022-05-11,2023-10-05,2023-11-22,Passed,2023-11-28,32023L2673,566
52022PC0209,2022/0155/COD,OLP,Proposal for a REGULATION OF THE EUROPEAN PARLIAMENT AND OF THE COUNCIL laying down rules to prevent and combat child sexual abuse,2022-05-11,,,Stuck,2026-09-22,,1595
52022PC0216,2022/0154/CNS,CNS,Proposal for a COUNCIL DIRECTIVE on laying down rules on a debt-equity bias reduction allowance and on limiting the deductibility of interest for corporate income tax purposes,2022-05-11,2024-01-16,,Stuck,2024-01-16,,615
52022PC0222,2022/0160/COD,OLP,"Proposal for a DIRECTIVE OF THE EUROPEAN PARLIAMENT AND OF THE COUNCIL amending Directive (EU) 2018/2001 on the promotion of the use of energy from renewable sources, Directive 2010/31/EU on the energy performance of buildings and Directive 2012/27/EU on energy efficiency",2022-05-18,2022-12-14,,Withdrawn,2025-10-06,,1237
52022PC0231,2022/0164/COD,OLP,"Proposal for a REGULATION OF THE EUROPEAN PARLIAMENT AND OF THE COUNCIL amending Regulation (EU) 2021/241 as regards REPowerEU chapters in recovery and resilience plans and amending Regulation (EU) 2021/1060 , Regulation (EU) 2021/2115, Directive 2003/87/EC and Decision (EU) 2015/1814",2022-05-18,2022-11-10,2023-02-27,Passed,2023-02-28,32023R0435,286
52022PC0245,2022/0167/COD,OLP,Proposal for a DIRECTIVE OF THE EUROPEAN PARLIAMENT AND OF THE COUNCIL on asset recovery and confiscation,2022-05-25,2024-03-13,2024-04-24,Passed,2024-05-02,32024L1260,708
52022PC0288,2022/0188/COD,OLP,"Proposal for a REGULATION OF THE EUROPEAN PARLIAMENT AND OF THE COUNCIL on temporary trade-liberalisation measures supplementing trade concessions applicable to Moldovan products under the Association Agreement between the European Union and the European Atomic Energy Community and their Member States, of the one part, and the Republic of Moldova, of the other part",2022-06-09,2022-07-05,2022-07-18,Passed,2022-07-22,32022R1279,43
52022PC0296,2022/0192/COD,OLP,Proposal for a REGULATION OF THE EUROPEAN PARLIAMENT AND OF THE COUNCIL amending Council Regulation (EC) No 1217/2009 as regards conversion of the Farm Accountancy Data Network into a Farm Sustainability Data Network,2022-06-22,2023-10-17,2023-11-22,Passed,2023-11-29,32023R2674,525
52022PC0305,2022/0196/COD,OLP,Proposal for a REGULATION OF THE EUROPEAN PARLIAMENT AND OF THE COUNCIL on the sustainable use of plant protection products and amending Regulation (EU) 2021/2115,2022-06-22,2023-11-22,,Withdrawn,2024-05-06,,684
52022PC0325,2022/0208/COD,OLP,Proposal for a REGULATION OF THE EUROPEAN PARLIAMENT AND OF THE COUNCIL amending Regulation (EU) No 1303/2013 and Regulation (EU) 2021/1060 as regards additional flexibility to address the consequences of the military aggression of the Russian Federation FAST (Flexible Assistance for Territories) - CARE,2022-06-29,2022-10-04,2022-10-19,Passed,2022-10-25,32022R2039,118
52022PC0450,2022/0213/COD,OLP,Proposal for a DECISION OF THE EUROPEAN PARLIAMENT AND OF THE COUNCIL Providing exceptional macro-financial assistance to Ukraine,2022-07-01,2022-07-07,2022-07-12,Passed,2022-07-13,32022D1201,12
52022PC0362,2022/0227/COD,OLP,"Proposal for a REGULATION OF THE EUROPEAN PARLIAMENT AND OF THE COUNCIL laying down specific provisions for the 2014-2020 cooperation programmes supported by the European Neighbourhood Instrument and under the European territorial cooperation goal, following programme implementation disruption",2022-07-22,2022-10-20,2022-11-09,Passed,2022-11-11,32022R2192,112
52022PC0662,2022/0274/COD,OLP,Proposal for a DECISION OF THE EUROPEAN PARLIAMENT AND OF THE COUNCIL on the non-recognition of Russian travel documents issued in occupied foreign regions,2022-09-06,2022-10-20,2022-12-14,Passed,2022-12-21,32022D2512,106
52022PC0453,2022/0269/COD,OLP,Proposal for a REGULATION OF THE EUROPEAN PARLIAMENT AND OF THE COUNCIL on prohibiting products made with forced labour on the Union market,2022-09-14,2024-04-23,2024-11-27,Passed,2024-12-12,32024R3015,820
52022PC0454,2022/0272/COD,OLP,Proposal for a REGULATION OF THE EUROPEAN PARLIAMENT AND OF THE COUNCIL on horizontal cybersecurity requirements for products with digital elements and amending Regulation (EU) 2019/1020,2022-09-15,2024-03-12,2024-10-23,Passed,2024-11-20,32024R2847,797
52022PC0461,2022/0279/COD,OLP,"Proposal for a REGULATION OF THE EUROPEAN PARLIAMENT AND OF THE COUNCIL amending Regulations (EU) 2016/424, (EU) 2016/425, (EU) 2016/426, (EU) 2019/1009 and (EU) No 305/2011 as regards emergency procedures for the conformity assessment, adoption of common specifications and market surveillance due to a Single Market emergency",2022-09-19,2024-04-24,,Passed,2024-09-26,,738
52022PC0462,2022/0280/COD,OLP,"Proposal for a DIRECTIVE OF THE EUROPEAN PARLIAMENT AND OF THE COUNCIL amending Directives 2000/14/EC, 2006/42/EC, 2010/35/EU, 2013/29/EU, 2014/28/EU, 2014/29/EU, 2014/30/EU, 2014/31/EU, 2014/32/EU, 2014/33/EU, 2014/34/EU, 2014/35/EU, 2014/53/EU and 2014/68/EU as regard emergency procedures for the conformity assessment, adoption of common specifications and market surveillance due to a Single Market emergency",2022-09-19,2024-04-24,,Passed,2024-09-26,,738
52022PC0495,2022/0302/COD,OLP,Proposal for a DIRECTIVE OF THE EUROPEAN PARLIAMENT AND OF THE COUNCIL on liability for defective products,2022-09-28,2024-03-12,,Passed,2024-10-10,,743
52022PC0496,2022/0303/COD,OLP,Proposal for a DIRECTIVE OF THE EUROPEAN PARLIAMENT AND OF THE COUNCIL on adapting non-contractual civil liability rules to artificial intelligence (AI Liability Directive),2022-09-28,,,Withdrawn,2025-10-06,,1104
52022PC0503,2022/0304/COD,OLP,Proposal for a REGULATION OF THE EUROPEAN PARLIAMENT AND OF THE COUNCIL on exceptional trade measures for countries and territories participating in or linked to the Stabilisation and Association process (codification),2022-10-04,2024-01-16,2024-02-28,Passed,2024-03-06,32024R0823,519
52022PC0526,2022/0326/COD,OLP,Proposal for a DECISION OF THE EUROPEAN PARLIAMENT AND OF THE COUNCIL on a European Year of Skills 2023,2022-10-12,2023-03-30,2023-05-10,Passed,2023-05-11,32023D0936,211
52022PC0541,2022/0345/COD,OLP,Proposal for a DIRECTIVE OF THE EUROPEAN PARLIAMENT AND OF THE COUNCIL concerning urban wastewater treatment (recast),2022-10-26,2023-10-05,2024-11-27,Passed,2024-12-12,32024L3019,778
52022PC0542,2022/0347/COD,OLP,Proposal for a DIRECTIVE OF THE EUROPEAN PARLIAMENT AND OF THE COUNCIL on ambient air quality and cleaner air for Europe (recast),2022-10-26,2024-04-24,2024-10-23,Passed,2024-11-20,32024L2881,756
52022PC0546,2022/0341/COD,OLP,Proposal for a REGULATION OF THE EUROPEAN PARLIAMENT AND OF THE COUNCIL amending Regulations (EU) No 260/2012 and (EU) 2021/1230 as regards instant credit transfers in euro,2022-10-26,2024-02-07,2024-03-13,Passed,2024-03-19,32024R0886,510
52022PC0480,2022/0288/COD,OLP,"Proposal for a REGULATION OF THE EUROPEAN PARLIAMENT AND OF THE COUNCIL on import, export and transit measures for firearms, their essential components and ammunition, implementing Article 10 of the United Nations’ Protocol against the illicit manufacturing of and trafficking in firearms, their parts and components and ammunition, supplementing the United Nations Convention against Transnational Organised Crime (UN Firearms Protocol) (recast)",2022-10-27,2024-04-23,2024-12-19,Passed,2025-01-22,32025R0041,818
52022PC0563,2022/0348/COD,OLP,"Proposal for a REGULATION OF THE EUROPEAN PARLIAMENT AND OF THE COUNCIL laying down management, conservation and control measures applicable in the Area covered under the Southern Indian Ocean Fisheries Agreement (SIOFA)",2022-11-04,2023-07-11,,Stuck,2023-07-18,,256
52022PC0667,2022/0392/COD,OLP,Proposal for a DIRECTIVE OF THE EUROPEAN PARLIAMENT AND OF THE COUNCIL on the legal protection of designs (recast),2022-11-28,2024-03-14,,Passed,2024-10-10,,682
52022PC0672,2022/0394/COD,OLP,Proposal for a REGULATION OF THE EUROPEAN PARLIAMENT AND OF THE COUNCIL establishing a Union certification framework for carbon removals,2022-11-30,2023-11-21,2024-11-27,Passed,2024-12-06,32024R3012,737
52022PC0677,2022/0396/COD,OLP,"Proposal for a REGULATION OF THE EUROPEAN PARLIAMENT AND OF THE COUNCIL on packaging and packaging waste, amending Regulation (EU) 2019/1020 and Directive (EU) 2019/904, and repealing Directive 94/62/EC",2022-11-30,2023-11-22,2024-12-19,Passed,2025-01-22,32025R0040,784
52022PC0684,2022/0398/COD,OLP,Proposal for a DIRECTIVE OF THE EUROPEAN PARLIAMENT AND OF THE COUNCIL on the definition of criminal offences and penalties for the violation of Union restrictive measures,2022-12-02,2024-03-12,2024-04-24,Passed,2024-04-29,32024L1226,514
52022PC0688,2022/0400/COD,OLP,"Proposal for a DIRECTIVE OF THE EUROPEAN PARLIAMENT AND OF THE COUNCIL on standards for equality bodies in the field of equal treatment and equal opportunities between women and men in matters of employment and occupation, and deleting Article 20 of Directive 2006/54/EC and Article 11 of Directive 2010/41/EU",2022-12-07,2024-04-10,2024-05-14,Passed,2024-05-29,32024L1500,539
52022PC0695,2022/0402/CNS,CNS,"Proposal for a COUNCIL REGULATION on jurisdiction, applicable law, recognition of decisions and acceptance of authentic instruments in matters of parenthood and on the creation of a European Certificate of Parenthood",2022-12-07,2023-12-14,,Stuck,2023-12-14,,372
52022PC0697,2022/0403/COD,OLP,"Proposal for a REGULATION OF THE EUROPEAN PARLIAMENT AND OF THE COUNCIL amending Regulations (EU) No 648/2012, (EU) No 575/2013 and (EU) 2017/1131 as regards measures to mitigate excessive exposures to third-country central counterparties and improve the efficiency of Union clearing markets",2022-12-07,2024-04-24,,Passed,2024-11-19,,713
52022PC0761,2022/0406/COD,OLP,Proposal for a DIRECTIVE OF THE EUROPEAN PARLIAMENT AND OF THE COUNCIL on multiple-vote share structures in companies that seek the admission to trading of their shares on an SME growth market,2022-12-07,2024-04-24,2024-10-23,Passed,2024-11-14,32024L2810,708
52022PC0762,2022/0411/COD,OLP,"Proposal for a REGULATION OF THE EUROPEAN PARLIAMENT AND OF THE COUNCIL amending Regulations (EU) 2017/1129, (EU) No 596/2014 and (EU) No 600/2014 to make public capital markets in the Union more attractive for companies and to facilitate access to capital for small and medium-sized enterprises",2022-12-07,2024-04-24,2024-10-23,Passed,2024-11-14,32024R2809,708
52022PC0729,2022/0424/COD,OLP,"Proposal for a REGULATION OF THE EUROPEAN PARLIAMENT AND OF THE COUNCIL On the collection and transfer of advance passenger information (API) for enhancing and facilitating external border controls, amending Regulation (EU) 2019/817 and Regulation (EU) 2018/1726, and repealing Council Directive 2004/82/EC",2022-12-13,2024-04-25,2024-12-19,Passed,2025-01-08,32025R0012,757
52022PC0731,2022/0425/COD,OLP,"Proposal for a REGULATION OF THE EUROPEAN PARLIAMENT AND OF THE COUNCIL on the collection and transfer of advance passenger information for the prevention, detection, investigation and prosecution of terrorist offences and serious crime, and amending Regulation (EU) 2019/818",2022-12-13,2024-04-25,2024-12-19,Passed,2025-01-08,32025R0013,757
52022PC0732,2022/0426/COD,OLP,Proposal for a DIRECTIVE OF THE EUROPEAN PARLIAMENT AND OF THE COUNCIL amending Directive 2011/36/EU on preventing and combating trafficking in human beings and protecting its victims,2022-12-19,2024-04-23,2024-06-13,Passed,2024-06-24,32024L1712,553
52022PC0748,2022/0432/COD,OLP,"Proposal for a REGULATION OF THE EUROPEAN PARLIAMENT AND OF THE COUNCIL amending Regulation (EC) No 1272/2008 of the European Parliament and of the Council on classification, labelling and packaging of substances and mixtures",2022-12-19,2023-10-04,2024-10-23,Passed,2024-11-20,32024R2865,702
52023PC0065,2023/0028/COD,OLP,Proposal for a DECISION OF THE EUROPEAN PARLIAMENT AND OF THE COUNCIL on an authorisation addressed to France to negotiate a bilateral agreement with Algeria on matters related to judicial cooperation in civil and commercial matters,2023-02-08,2023-12-12,2024-02-07,Passed,2024-02-16,32024D0593,373
52023PC0071,2023/0033/COD,OLP,Proposal for a DIRECTIVE OF THE EUROPEAN PARLIAMENT AND OF THE COUNCIL amending Council Directive 98/24/EC and Directive 2004/37/EC of the European Parliament and of the Council as regards the limit values for lead and its inorganic compounds and diisocyanates,2023-02-13,,2024-03-13,Passed,2024-03-19,32024L0869,400
52023PC0088,2023/0042/COD,OLP,"Proposal for a REGULATION OF THE EUROPEAN PARLIAMENT AND OF THE COUNCIL amending Regulation (EU) 2019/1242 as regards strengthening the CO₂ emission performance standards for new heavy-duty vehicles and integrating reporting obligations, and repealing Regulation (EU) 2018/956",2023-02-14,2024-04-10,2024-05-14,Passed,2024-06-06,32024R1610,478
52023PC0106,2023/0051/COD,OLP,"Proposal for a REGULATION OF THE EUROPEAN PARLIAMENT AND OF THE COUNCIL on temporary trade liberalisation supplementing trade concessions applicable to Ukrainian products under the Association Agreement between the European Union and the European Atomic Energy Community and their Member States, of the one part, and Ukraine, of the other part",2023-02-23,,2023-05-31,Passed,2023-06-05,32023R1077,102
52023PC0098,2023/0049/COD,OLP,Proposal for a REGULATION OF THE EUROPEAN PARLIAMENT AND OF THE COUNCIL amending Regulation (EU) 2019/1009 as regards the digital labelling of EU fertilising products,2023-02-27,2024-03-12,2024-09-18,Passed,2024-09-30,32024R2516,581
52023PC0124,2023/0062/COD,OLP,"Proposal for a REGULATION OF THE EUROPEAN PARLIAMENT AND OF THE COUNCIL on specific rules relating to the entry into Northern Ireland from other parts of the United Kingdom of certain consignments of retail goods, plants for planting, seed potatoes, machinery and certain vehicles operated for agricultural or forestry purposes, as well as non-commercial movements of certain pet animals into Northern Ireland",2023-02-27,2023-05-09,2023-06-14,Passed,2023-06-29,32023R1231,122
52023PC0126,2023/0052/COD,OLP,Proposal for a DIRECTIVE OF THE EUROPEAN PARLIAMENT AND OF THE COUNCIL amending Directive (EU) 2015/413 facilitating cross-border exchange of information on road-safety-related traffic offences,2023-03-01,2024-04-24,2024-12-19,Passed,2024-12-30,32024L3237,670
52023PC0127,2023/0053/COD,OLP,"Proposal for a DIRECTIVE OF THE EUROPEAN PARLIAMENT AND OF THE COUNCIL on driving licences, amending Directive (EU) 2022/2561 of the European Parliament and of the Council, Regulation (EU) 2018/1724 of the European Parliament and of the Council and repealing Directive 2006/126/EC of the European Parliament and of the Council and Commission Regulation (EU) No 383/2012",2023-03-01,2024-02-28,2025-10-22,Passed,2025-11-05,32025L2205,980
52023PC0135,2023/0070/COD,OLP,,2023-03-10,,,Stuck,2023-03-13,,3
52023PC0147,2023/0076/COD,OLP,Proposal for a REGULATION OF THE EUROPEAN PARLIAMENT AND OF THE COUNCIL amending Regulations (EU) No 1227/2011 and (EU) 2019/942 to improve the Union’s protection against market manipulation in the wholesale energy market,2023-03-14,2024-02-29,2024-04-11,Passed,2024-04-17,32024R1106,400
52023PC0148,2023/0077/COD,OLP,Proposal for a REGULATION OF THE EUROPEAN PARLIAMENT AND OF THE COUNCIL amending Regulations (EU) 2019/943 and (EU) 2019/942 as well as Directives (EU) 2018/2001 and (EU) 2019/944 to improve the Union’s electricity market design,2023-03-14,,2024-06-13,Passed,2024-06-26,32024L1711,470
52023PC0160,2023/0079/COD,OLP,"Proposal for a REGULATION OF THE EUROPEAN PARLIAMENT AND OF THE COUNCIL establishing a framework for ensuring a secure and sustainable supply of critical raw materials and amending Regulations (EU) 168/2013, (EU) 2018/858, 2018/1724 and (EU) 2019/1020",2023-03-16,,,Passed,2024-05-03,,414
52023PC0166,2023/0085/COD,OLP,Proposal for a DIRECTIVE OF THE EUROPEAN PARLIAMENT AND OF THE COUNCIL on substantiation and communication of explicit environmental claims (Green Claims Directive),2023-03-22,2024-03-12,,Stuck,2025-06-23,,824
52023PC0178,2023/0090/COD,OLP,Proposal for a REGULATION OF THE EUROPEAN PARLIAMENT AND OF THE COUNCIL on the approval and market surveillance of non-road mobile machinery circulating on public roads and amending Regulation (EU) 2019/1020,2023-03-30,2024-04-24,2024-12-19,Passed,2025-01-08,32025R0014,650
52023PC0185,2023/0093/COD,OLP,Proposal for a REGULATION OF THE EUROPEAN PARLIAMENT AND OF THE COUNCIL on the transfer of proceedings in criminal matters,2023-04-05,2024-04-23,2024-11-27,Passed,2024-12-18,32024R3011,623
52023PC0194,2023/0095/COD,OLP,Proposal for a DECISION OF THE EUROPEAN PARLIAMENT AND OF THE COUNCIL amending Decision No 1313/2013/EU on a Union Civil Protection Mechanism,2023-04-14,2023-10-17,2023-11-22,Passed,2023-11-28,32023D2671,228
52023PC0228,2023/0115/COD,OLP,"Proposal for a DIRECTIVE OF THE EUROPEAN PARLIAMENT AND OF THE COUNCIL amending Directive 2014/49/EU as regards the scope of deposit protection, use of deposit guarantee schemes funds, cross-border cooperation, and transparency",2023-04-18,2024-04-24,2026-03-30,Passed,2026-04-20,32026L0804,1098
52023PC0229,2023/0113/COD,OLP,Proposal for a DIRECTIVE OF THE EUROPEAN PARLIAMENT AND OF THE COUNCIL amending Directive 2014/59/EU and Regulation (EU) No 806/2014 as regards certain aspects of the minimum requirement for own funds and eligible liabilities,2023-04-18,2024-02-27,2024-04-11,Passed,2024-04-22,32024L1174,370
52023PC0201,2023/0105/COD,OLP,"Proposal for a DIRECTIVE OF THE EUROPEAN PARLIAMENT AND OF THE COUNCIL amending Council Directives 2001/110/EC relating to honey, 2001/112/EC relating to fruit juices and certain similar products intended for human consumption, 2001/113/EC relating to fruit jams, jellies and marmalades and sweetened chestnut purée intended for human consumption, and 2001/114/EC relating to certain partly or wholly dehydrated preserved milk for human consumption",2023-04-21,2023-12-12,2024-05-14,Passed,2024-05-24,32024L1438,399
52023PC0192,2023/0132/COD,OLP,"Proposal for a DIRECTIVE OF THE EUROPEAN PARLIAMENT AND OF THE COUNCIL on the Union code relating to medicinal products for human use, and repealing Directive 2001/83/EC and Directive 2009/35/EC",2023-04-26,2024-04-10,,Stuck,2026-09-29,,1252
52023PC0193,2023/0131/COD,OLP,"Proposal for a REGULATION OF THE EUROPEAN PARLIAMENT AND OF THE COUNCIL laying down Union procedures for the authorisation and supervision of medicinal products for human use and establishing rules governing the European Medicines Agency, amending Regulation (EC) No 1394/2007 and Regulation (EU) No 536/2014 and repealing Regulation (EC) No 726/2004, Regulation (EC) No 141/2000 and Regulation (EC) No 1901/2006",2023-04-26,2024-04-10,,Stuck,2026-09-29,,1252
52023PC0241,2023/0137/CNS,CNS,Proposal for a COUNCIL REGULATION amending Regulation (EC) No 1467/97 on speeding up and clarifying the implementation of the excessive deficit procedure,2023-04-26,,2024-04-29,Passed,2024-04-30,32024R1264,370
52023PC0221,2023/0126/COD,OLP,Proposal for a REGULATION OF THE EUROPEAN PARLIAMENT AND OF THE COUNCIL on the unitary supplementary protection certificate for plant protection products,2023-04-27,2024-02-28,,Stuck,2026-07-08,,1168
52023PC0222,2023/0127/COD,OLP,"Proposal for a REGULATION OF THE EUROPEAN PARLIAMENT AND OF THE COUNCIL on the unitary supplementary certificate for medicinal products, and amending Regulation (EU) 2017/1001, Regulation (EC) No 1901/2006 as well as Regulation (EU) No 608/2013",2023-04-27,2024-02-28,,Stuck,2026-07-30,,1190
52023PC0223,2023/0128/COD,OLP,Proposal for a REGULATION OF THE EUROPEAN PARLIAMENT AND OF THE COUNCIL on the supplementary protection certificate for plant protection products (recast),2023-04-27,2024-02-28,,Stuck,2026-01-22,,1001
52023PC0224,2023/0129/COD,OLP,Proposal for a REGULATION OF THE EUROPEAN PARLIAMENT AND OF THE COUNCIL on compulsory licensing for crisis management and amending Regulation (EC) 816/2006,2023-04-27,2024-03-13,2025-12-16,Passed,2025-12-30,32025R2645,978
52023PC0231,2023/0130/COD,OLP,Proposal for a REGULATION OF THE EUROPEAN PARLIAMENT AND OF THE COUNCIL on the supplementary protection certificate for medicinal products (recast),2023-04-27,2024-02-28,,Stuck,2026-07-08,,1168
52023PC0232,2023/0133/COD,OLP,Proposal for a REGULATION OF THE EUROPEAN PARLIAMENT AND OF THE COUNCIL on standard essential patents and amending Regulation (EU)2017/1001,2023-04-27,2022-12-14,,Withdrawn,2025-10-06,,893
52023PC0217,2023/0124/COD,OLP,"Proposal for a REGULATION OF THE EUROPEAN PARLIAMENT AND OF THE COUNCIL on detergents and surfactants, amending Regulation (EU) 2019/1020 and repealing Regulation (EC) No 648/2004",2023-04-28,2024-02-27,2026-02-11,Passed,2026-03-02,32026R0405,1039
52023PC0189,2023/0134/COD,OLP,"Proposal for a DIRECTIVE OF THE EUROPEAN PARLIAMENT AND OF THE COUNCIL amending Directive 1999/62/EC, Council Directive 1999/37/EC and Directive (EU) 2019/520 as regards the CO2 emission class of heavy-duty vehicles with trailers",2023-05-04,,,Stuck,2026-10-07,,1252
52023PC0244,2023/0143/COD,OLP,"Proposal for a REGULATION OF THE EUROPEAN PARLIAMENT AND OF THE COUNCIL amending Council Decision 2009/917/JHA, as regards its alignment with Union rules on the protection of personal data",2023-05-11,2024-02-06,2024-03-13,Passed,2024-03-19,32024R0868,313
52023PC0262,2023/0158/CNS,CNS,Proposal for a COUNCIL DIRECTIVE amending Directive 2006/112/EC as regards VAT rules relating to taxable persons who facilitate distance sales of imported goods and the application of the special scheme for distance sales of goods imported from third territories or third countries and special arrangements for declaration and payment of import VAT,2023-05-17,2023-11-22,2025-07-18,Passed,2025-07-25,32025L1539,800
52023PC0278,2023/0166/COD,OLP,Proposal for a REGULATION OF THE EUROPEAN PARLIAMENT AND OF THE COUNCIL amending Regulation (EU) No 1286/2014 as regards the modernisation of the key information document,2023-05-24,,,Stuck,2026-06-04,,1107
52023PC0279,2023/0167/COD,OLP,"Proposal for a DIRECTIVE OF THE EUROPEAN PARLIAMENT AND OF THE COUNCIL amending Directives (EU) 2009/65/EC, 2009/138/EC, 2011/61/EU, 2014/65/EU and (EU) 2016/97 as regards the Union retail investor protection rules",2023-05-24,,,Stuck,2026-06-04,,1107
52023PC0280,2023/0169/COD,OLP,"Proposal for a REGULATION OF THE EUROPEAN PARLIAMENT AND OF THE COUNCIL on jurisdiction, applicable law, recognition and enforcement of measures and cooperation in matters relating to the protection of adults",2023-05-31,,,Stuck,2026-05-26,,1091
52023PC0270,2023/0164/COD,OLP,Proposal for a DIRECTIVE OF THE EUROPEAN PARLIAMENT AND OF THE COUNCIL amending Directive 2009/18/EC establishing the fundamental principles governing the investigation of accidents in the maritime transport sector,2023-06-01,2024-04-10,2024-11-27,Passed,2024-12-06,32024L3017,554
52023PC0335,2023/0199/COD,OLP,"Proposal for a REGULATION OF THE EUROPEAN PARLIAMENT AND OF THE COUNCIL establishing the Strategic Technologies for Europe Platform (‘STEP’) and amending Directive 2003/87/EC, Regulations (EU) 2021/1058, (EU) 2021/1056, (EU) 2021/1057, (EU) No 1303/2013, (EU) No 223/2014, (EU) 2021/1060, (EU) 2021/523, (EU) 2021/695, (EU) 2021/697 and (EU) 2021/241",2023-06-20,2023-10-17,2024-02-29,Passed,2024-02-29,32024R0795,254
52023PC0337,2023/0201/APP,APP,"Proposal for a COUNCIL REGULATION amending Regulation (EU, Euratom) 2020/2093 laying down the multiannual financial framework for the years 2021 to 2027",2023-06-20,2024-02-27,2024-02-29,Passed,2024-02-29,32024R0765,254
52023PC0359,2023/0207/COD,OLP,Proposal for a DECISION OF THE EUROPEAN PARLIAMENT AND OF THE COUNCIL amending Decision (EU) 2017/1324 as regards the continuation of the Union’s participation in the Partnership for Research and Innovation in the Mediterranean Area (PRIMA) under Horizon Europe,2023-06-28,2024-02-27,2024-04-11,Passed,2024-04-19,32024D1167,296
52023PC0360,2023/0205/COD,OLP,"Proposal for a REGULATION OF THE EUROPEAN PARLIAMENT AND OF THE COUNCIL on a framework for Financial Data Access and amending Regulations (EU) No 1093/2010, (EU) No 1094/2010, (EU) No 1095/2010 and (EU) 2022/2554",2023-06-28,,,Stuck,2025-09-24,,819
52023PC0364,2023/0208/COD,OLP,Proposal for a REGULATION OF THE EUROPEAN PARLIAMENT AND OF THE COUNCIL on the legal tender of euro banknotes and coins,2023-06-28,,,Stuck,2026-06-26,,1094
52023PC0366,2023/0209/COD,OLP,Proposal for a DIRECTIVE OF THE EUROPEAN PARLIAMENT AND OF THE COUNCIL on payment services and electronic money services in the Internal Market amending Directive 98/26/EC and repealing Directives 2015/2366/EU and 2009/110/EC,2023-06-28,2024-04-23,,Stuck,2026-05-05,,1042
52023PC0367,2023/0210/COD,OLP,Proposal for a REGULATION OF THE EUROPEAN PARLIAMENT AND OF THE COUNCIL on payment services in the internal market and amending Regulation (EU) No 1093/2010,2023-06-28,2024-04-23,,Stuck,2026-05-05,,1042
52023PC0368,2023/0211/COD,OLP,Proposal for a REGULATION OF THE EUROPEAN PARLIAMENT AND OF THE COUNCIL on the provision of digital euro services by payment services providers incorporated in Member States whose currency is not the euro and amending Regulation (EU) 2021/1230 of the European Parliament and the Council,2023-06-28,,,Stuck,2026-07-09,,1107
52023PC0369,2023/0212/COD,OLP,Proposal for a REGULATION OF THE EUROPEAN PARLIAMENT AND OF THE COUNCIL on the establishment of the digital euro,2023-06-28,,,Stuck,2026-07-09,,1107
52023PC0426,2023/0252/COD,OLP,Proposal for a REGULATION OF THE EUROPEAN PARLIAMENT AND OF THE COUNCIL amending Regulation (EU) No 978/2012 of the European Parliament and of the Council of 25 October 2012 applying a scheme of generalised tariff preferences and repealing Council Regulation (EC) No 732/2008,2023-07-04,2023-10-05,2023-11-22,Passed,2023-11-27,32023R2663,146
52023PC0411,2023/0226/COD,OLP,"Proposal for a REGULATION OF THE EUROPEAN PARLIAMENT AND OF THE COUNCIL on plants obtained by certain new genomic techniques and their food and feed, and amending Regulation (EU) 2017/625",2023-07-05,2024-04-24,2026-06-17,Passed,2026-06-26,32026R1388,1087
52023PC0414,2023/0227/COD,OLP,"Proposal for a REGULATION OF THE EUROPEAN PARLIAMENT AND OF THE COUNCIL on the production and marketing of plant reproductive material in the Union, amending Regulations (EU) 2016/2031, 2017/625 and 2018/848 of the European Parliament and of the Council, and repealing Council Directives 66/401/EEC, 66/402/EEC, 68/193/EEC, 2002/53/EC, 2002/54/EC, 2002/55/EC, 2002/56/EC, 2002/57/EC, 2008/72/EC and 2008/90/EC (Regulation on plant reproductive material)",2023-07-05,2024-04-24,,Stuck,2026-07-06,,1097
52023PC0420,2023/0234/COD,OLP,Proposal for a DIRECTIVE OF THE EUROPEAN PARLIAMENT AND OF THE COUNCIL amending Directive 2008/98/EC on waste,2023-07-05,2024-03-13,2025-09-10,Passed,2025-09-26,32025L1892,814
52023PC0441,2023/0266/COD,OLP,Proposal for a REGULATION OF THE EUROPEAN PARLIAMENT AND OF THE COUNCIL on the accounting of greenhouse gas emissions of transport services,2023-07-11,2024-04-10,2026-04-29,Passed,2026-05-12,32026R1030,1036
52023PC0443,2023/0271/COD,OLP,"Proposal for a REGULATION OF THE EUROPEAN PARLIAMENT AND OF THE COUNCIL on the use of railway infrastructure capacity in the single European railway area, amending Directive 2012/34/EU and repealing Regulation (EU) No 913/2010",2023-07-11,2024-03-12,2026-05-20,Passed,2026-06-10,32026R1184,1065
52023PC0445,2023/0265/COD,OLP,Proposal for a DIRECTIVE OF THE EUROPEAN PARLIAMENT AND OF THE COUNCIL amending Council Directive 96/53/EC laying down for certain road vehicles circulating within the Community the maximum authorised dimensions in national and international traffic and the maximum authorised weights in international traffic,2023-07-11,2024-03-12,,Stuck,2026-06-12,,1067
52023PC0451,2023/0284/COD,OLP,"Proposal for a REGULATION OF THE EUROPEAN PARLIAMENT AND OF THE COUNCIL on circularity requirements for vehicle design and on management of end-of-life vehicles, amending Regulations (EU) 2018/858 and 2019/1020 and repealing Directives 2000/53/EC and 2005/64/EC",2023-07-13,2025-09-09,2026-07-08,Passed,2026-07-24,32026R1738,1107
52023PC0395,2023/0272/COD,OLP,"Proposal for a REGULATION OF THE EUROPEAN PARLIAMENT AND OF THE COUNCIL amending Regulation (EU) 2017/852 of the European Parliament and of the Council of 17 May 2017 on mercury as regards dental amalgam and other mercury-added products subject to manufacturing, import and export restrictions",2023-07-14,2024-01-17,2024-06-13,Passed,2024-07-10,32024R1849,362
52023PC0462,2023/0290/COD,OLP,Proposal for a REGULATION OF THE EUROPEAN PARLIAMENT AND OF THE COUNCIL on the safety of toys and repealing Directive 2009/48/EC,2023-07-28,2024-03-13,2025-11-26,Passed,2025-12-12,32025R2509,868
52023PC0502,2023/0307/COD,OLP,Proposal for a DIRECTIVE OF THE EUROPEAN PARLIAMENT AND OF THE COUNCIL amending and correcting Directive 2005/36/EC as regards the recognition of professional qualifications of nurses responsible for general care trained in Romania,2023-09-01,2023-12-12,2024-02-07,Passed,2024-02-12,32024L0505,164
52023PC0515,2023/0314/COD,OLP,Proposal for a REGULATION OF THE EUROPEAN PARLIAMENT AND OF THE COUNCIL amending Regulations (EU) No 1024/2012 and (EU) 2018/1724 as regards the use of the Internal Market Information System and the Single Digital Gateway for the purposes of certain requirements laid down by Directive (EU) .../... of the European Parliament and of the Council on European cross-border associations (COM(2023)516)),2023-09-05,2024-03-13,,Stuck,2024-07-02,,301
52023PC0516,2023/0315/COD,OLP,Proposal for a DIRECTIVE OF THE EUROPEAN PARLIAMENT AND OF THE COUNCIL on European cross-border associations,2023-09-05,2024-03-13,,Stuck,2025-05-21,,624
52023PC0512,2023/0311/COD,OLP,Proposal for a DIRECTIVE OF THE EUROPEAN PARLIAMENT AND OF THE COUNCIL establishing the European Disability Card and the European Parking Card for persons with disabilities,2023-09-06,2024-04-24,2024-10-23,Passed,2024-11-14,32024L2841,435
52023PC0528,2023/0320/CNS,CNS,"Proposal for a COUNCIL DIRECTIVE establishing a Head Office Tax system for micro, small and medium sized enterprises, and amending Directive 2011/16/EU",2023-09-12,,,Stuck,2024-04-19,,220
52023PC0529,2023/0322/CNS,CNS,Proposal for a COUNCIL DIRECTIVE on transfer pricing,2023-09-12,,,Stuck,2024-05-07,,238
52023PC0532,2023/0321/CNS,CNS,Proposal for a COUNCIL DIRECTIVE on Business in Europe: Framework for Income Taxation (BEFIT),2023-09-12,2025-11-13,,Stuck,2025-11-13,,793
52023PC0533,2023/0323/COD,OLP,Proposal for a REGULATION OF THE EUROPEAN PARLIAMENT AND OF THE COUNCIL on combating late payment in commercial transactions,2023-09-12,2024-04-23,,Stuck,2025-10-07,,756
52023PC0645,2023/0373/COD,OLP,Proposal for a REGULATION OF THE EUROPEAN PARLIAMENT AND OF THE COUNCIL on preventing plastic pellet losses to reduce microplastic pollution,2023-10-16,2024-04-23,2025-11-12,Passed,2025-11-26,32025R2365,772
52023PC0582,2023/0355/COD,OLP,Proposal for a DECISION OF THE EUROPEAN PARLIAMENT AND OF THE COUNCIL amending Directive 2014/62/EU as regards certain reporting requirements,2023-10-17,2024-04-23,,Passed,2024-10-10,,359
52023PC0591,2023/0361/COD,OLP,"Proposal for a REGULATION OF THE EUROPEAN PARLIAMENT AND OF THE COUNCIL amending Regulations (EC) No 80/2009, (EU) No 996/2010 and (EU) No 165/ 2014 as regards certain reporting requirements in the fields of road transport and aviation",2023-10-17,2024-03-13,2024-04-24,Passed,2024-04-29,32024R1230,195
52023PC0593,2023/0363/COD,OLP,"Proposal for a REGULATION OF THE EUROPEAN PARLIAMENT AND OF THE COUNCIL amending Regulations (EU) No 1092/2010, (EU) No 1093/2010, (EU) No 1094/2010, (EU) No 1095/2010 and (EU) 2021/523 as regards certain reporting requirements in the fields of financial services and investment support",2023-10-17,2024-03-12,2025-10-08,Passed,2025-10-21,32025R2088,735
52023PC0643,2023/0370/COD,OLP,"Proposal for a REGULATION OF THE EUROPEAN PARLIAMENT AND OF THE COUNCIL amending Regulation (EU) No 1379/2013, Regulation (EU) No 167/2013 and Regulation (EU) No 168/2013 of the European Parliament and of the Council as regards certain reporting requirements",2023-10-17,2024-02-28,2024-10-23,Passed,2024-11-07,32024R2838,387
52023PC0660,2023/0379/COD,OLP,"Proposal for a REGULATION OF THE EUROPEAN PARLIAMENT AND OF THE COUNCIL amending Regulation (EU) 2016/1011 as regards the scope of the rules for benchmarks, the use in the Union of benchmarks provided by an administrator located in a third country, and certain reporting requirements",2023-10-17,2024-04-24,2025-05-07,Passed,2025-05-19,32025R0914,580
52023PC0642,2023/0371/COD,OLP,Proposal for a REGULATION OF THE EUROPEAN PARLIAMENT AND OF THE COUNCIL amending Regulation (EU) 2018/1806 as regards the revision of the suspension mechanism,2023-10-18,2025-10-07,2025-11-26,Passed,2025-12-10,32025R2441,784
52023PC0702,2023/0396/COD,OLP,Proposal for a DIRECTIVE OF THE EUROPEAN PARLIAMENT AND OF THE COUNCIL amending Council Directive 92/106/EEC as regards a support framework for intermodal transport of goods and Regulation (EU) 2020/1056 of the European Parliament and the Council as regards calculation of external costs savings and generation of aggregated data,2023-11-07,,,Stuck,2024-12-04,,393
52023PC0692,2023/0397/COD,OLP,Proposal for a REGULATION OF THE EUROPEAN PARLIAMENT AND OF THE COUNCIL on establishing the Reform and Growth Facility for the Western Balkans,2023-11-08,2024-04-24,2024-05-14,Passed,2024-05-24,32024R1449,198
52023PC0727,2023/0410/COD,OLP,Proposal for a DECISION OF THE EUROPEAN PARLIAMENT AND OF THE COUNCIL amending Council Decision 89/367/EEC setting up a Standing Forestry Committee,2023-11-22,2025-10-21,,Stuck,2025-10-21,,699
52023PC0728,2023/0413/COD,OLP,Proposal for a REGULATION OF THE EUROPEAN PARLIAMENT AND OF THE COUNCIL on a monitoring framework for resilient European forests,2023-11-22,2025-10-21,,Stuck,2025-10-21,,699
52023PC0738,2023/0421/COD,OLP,"Proposal for a DIRECTIVE OF THE EUROPEAN PARLIAMENT AND OF THE COUNCIL on the protection of workers from the risks related to exposure to carcinogens, mutagens or reprotoxic substances at work (Sixth individual Directive within the meaning of Article 16(1) of Council Directive 89/391/EEC) (codification)",2023-11-27,,,Stuck,2024-05-23,,178
52023PC0755,2023/0439/COD,OLP,"Proposal for a DIRECTIVE OF THE EUROPEAN PARLIAMENT AND OF THE COUNCIL laying down minimum rules to prevent and counter the facilitation of unauthorised entry, transit and stay in the Union, and replacing Council Directive 2002/90/EC and Council Framework Decision 2002/946 JHA",2023-11-28,,,Stuck,2025-07-23,,603
52023PC0752,2023/0436/COD,OLP,Proposal for a REGULATION OF THE EUROPEAN PARLIAMENT AND OF THE COUNCIL on passenger rights in the context of multimodal journeys,2023-11-29,,,Stuck,2025-10-21,,692
52023PC0753,2023/0437/COD,OLP,"Proposal for a REGULATION OF THE EUROPEAN PARLIAMENT AND OF THE COUNCIL amending Regulations (EC) No 261/2004, (EC) No 1107/2006, (EU) No 1177/2010, (EU) No 181/2011 and (EU) 2021/782 as regards enforcement of passenger rights in the Union",2023-11-29,,,Stuck,2026-07-15,,959
52023PC0905,2023/0435/COD,OLP,Proposal for a DIRECTIVE OF THE EUROPEAN PARLIAMENT AND OF THE COUNCIL amending Directive (EU) 2015/2302 to make the protection of travellers more effective and to simplify and clarify certain aspects of the Directive,2023-11-29,2025-09-11,2026-04-29,Passed,2026-05-08,32026L1024,891
52023PC0771,2023/0449/COD,OLP,"Proposal for a REGULATION OF THE EUROPEAN PARLIAMENT AND OF THE COUNCIL amending Regulations (EU) 2016/1139, (EU) 2018/973 and (EU) 2019/472 as regards the targets for fixing fishing opportunities",2023-12-06,,,Withdrawn,2025-10-06,,670
52023PC0930,2023/0441/CNS,CNS,Proposal for a COUNCIL DIRECTIVE amending Directive (EU) 2015/637 on the coordination and cooperation measures to facilitate consular protection for unrepresented citizens of the Union in third countries and Directive (EU) 2019/997 establishing an EU Emergency Travel Document,2023-12-06,,,Stuck,2024-04-24,,140
52023PC0770,2023/0448/COD,OLP,"Proposal for a REGULATION OF THE EUROPEAN PARLIAMENT AND OF THE COUNCIL on the protection of animals during transport and related operations, amending Council Regulation (EC) No 1255/97 and repealing Council Regulation (EC) No 1/2005",2023-12-07,,,Stuck,2026-06-25,,931
52023PC0636,2023/0462/COD,OLP,Proposal for a REGULATION OF THE EUROPEAN PARLIAMENT AND OF THE COUNCIL amending Regulations (EU) No 1024/2012 and (EU) 2018/1724 as regards certain requirements laid down by Directive (EU) XXXX/XXXX,2023-12-12,2025-11-27,,Stuck,2025-11-27,,716
52023PC0637,2023/0463/COD,OLP,Proposal for a DIRECTIVE OF THE EUROPEAN PARLIAMENT AND OF THE COUNCIL establishing harmonised requirements in the internal market on transparency of interest representation carried out on behalf of third countries and amending Directive (EU) 2019/1937,2023-12-12,2025-11-27,,Stuck,2025-12-19,,738
52024PC0042,2024/0019/COD,OLP,"Proposal for a DECISION OF THE EUROPEAN PARLIAMENT AND OF THE COUNCIL concerning the subscription by the European Union to additional shares in the capital of the European Bank for Reconstruction and Development (EBRD) and amending the Agreement establishing the EBRD as regards the extension of the geographic scope of EBRD operations to sub-Saharan Africa and Iraq in a limited and incremental manner, and removing the statutory capital limitation on ordinary operations",2024-01-22,2024-03-14,2024-04-24,Passed,2024-05-08,32024D1246,107
52024PC0043,2024/0021/COD,OLP,"Proposal for a REGULATION OF THE EUROPEAN PARLIAMENT AND OF THE COUNCIL amending Regulations (EU) 2017/745 and (EU) 2017/746 as regards a gradual roll-out of Eudamed, information obligation in case of interruption of supply and the transitional provisions for certain in vitro diagnostic medical devices",2024-01-23,2024-04-25,2024-06-13,Passed,2024-07-09,32024R1860,168
52024PC0050,2024/0028/COD,OLP,"Proposal for a REGULATION OF THE EUROPEAN PARLIAMENT AND OF THE COUNCIL on temporary trade-liberalisation measures supplementing trade concessions applicable to Ukrainian products under the Association Agreement between the European Union and the European Atomic Energy Community and their Member States, of the one part, and Ukraine, of the other part",2024-01-31,2024-03-13,2024-05-14,Passed,2024-05-29,32024R1392,119
52024PC0051,2024/0029/COD,OLP,"Proposal for a REGULATION OF THE EUROPEAN PARLIAMENT AND OF THE COUNCIL on temporary trade-liberalisation measures supplementing trade concessions applicable to products from the Republic of Moldova under the Association Agreement between the European Union and the European Atomic Energy Community and their Member States, of the one part, and the Republic of Moldova, of the other part",2024-01-31,2024-03-13,2024-05-14,Passed,2024-05-29,32024R1501,119
52024PC0053,2024/0030/COD,OLP,Proposal for a DECISION OF THE EUROPEAN PARLIAMENT AND OF THE COUNCIL on the equivalence of field inspections carried out in third countries on seed-producing crops and on the equivalence of seed produced in third countries (codification),2024-02-06,,,Stuck,2026-04-29,,813
52024PC0060,2024/0035/COD,OLP,Proposal for a DIRECTIVE OF THE EUROPEAN PARLIAMENT AND OF THE COUNCIL on combating the sexual abuse and sexual exploitation of children and child sexual abuse material and replacing Council Framework Decision 2004/68/JHA (recast),2024-02-06,2025-06-17,,Stuck,2026-08-27,,933
52024PC0100,2024/0060/COD,OLP,"Proposal for a REGULATION OF THE EUROPEAN PARLIAMENT AND OF THE COUNCIL amending Regulations (EU) 2021/522, (EU) 2021/1057, (EU) 2021/1060, (EU) 2021/1139, (EU) 2021/1229, and (EU) 2021/1755 as regards the changes to the amounts of funds for certain programmes and funds",2024-02-29,,,Withdrawn,2025-12-22,,662
52024PC0301,2024/0059/COD,OLP,Proposal for a REGULATION OF THE EUROPEAN PARLIAMENT AND OF THE COUNCIL Amending Regulation (EU) 2021/1148 as regards the financial envelope and the allocation for the thematic facility,2024-02-29,,,Withdrawn,2025-10-06,,585
52024PC0150,2024/0061/COD,OLP,Proposal for a REGULATION OF THE EUROPEAN PARLIAMENT AND OF THE COUNCIL establishing the European Defence Industry Programme and a framework of measures to ensure the timely availability and supply of defence products (‘EDIP’),2024-03-05,2025-11-25,2025-12-16,Passed,2025-12-29,32025R2643,664
52024PC0139,2024/0073/COD,OLP,"Proposal for a REGULATION OF THE EUROPEAN PARLIAMENT AND OF THE COUNCIL amending Regulations (EU) 2021/2115 and (EU) 2021/2116 as regards good agricultural and environmental condition standards, schemes for climate, environment and animal welfare, amendments to CAP Strategic Plans, review of CAP Strategic Plans and exemptions from controls and penalties",2024-03-15,2024-04-24,2024-05-14,Passed,2024-05-24,32024R1468,70
52024PC0132,2024/0068/COD,OLP,Proposal for a DIRECTIVE OF THE EUROPEAN PARLIAMENT AND OF THE COUNCIL on improving and enforcing working conditions of trainees and combating regular employment relationships disguised as traineeships (‘Traineeships Directive’),2024-03-20,,,Stuck,2026-06-19,,821
52024PC0183,2024/0098/COD,OLP,Proposal for a REGULATION OF THE EUROPEAN PARLIAMENT AND OF THE COUNCIL amending Regulation (EU) No 2023/2124 of the European Parliament and of the Council of 4 October 2023 on certain provisions for fishing in the GFCM (General Fisheries Commission for the Mediterranean) Agreement area,2024-04-30,,,Stuck,2026-09-28,,881
52024PC0365,2024/0128/COD,OLP,Proposal for a REGULATION OF THE EUROPEAN PARLIAMENT AND OF THE COUNCIL amending Regulation (EU) 2018/1806 as regards Vanuatu,2024-05-31,2024-11-27,2024-12-19,Passed,2025-01-14,32025R0011,228
52024PC0255,2024/0144/COD,OLP,Proposal for a REGULATION OF THE EUROPEAN PARLIAMENT AND OF THE COUNCIL on the economic accounts for agriculture in the Union (codification),2024-06-20,,,Stuck,2026-04-16,,665
52024PC0257,2024/0148/COD,OLP,"Proposal for a DECISION OF THE EUROPEAN PARLIAMENT AND OF THE COUNCIL on the adoption by the Union of the Agreement on the interpretation and application of the Energy Charter Treaty between the European Union, the European Atomic Energy Community and their Member States",2024-07-02,2025-06-18,2025-09-10,Passed,2025-09-19,32025D1904,444
52024PC0278,2024/0152/CNS,CNS,Proposal for a COUNCIL DIRECTIVE amending Directive 2006/112/EC as regards the electronic value added tax exemption certificate,2024-07-08,,2025-02-18,Passed,2025-02-28,32025L0425,235
52024PC0316,2024/0187/CNS,CNS,Proposal for a COUNCIL REGULATION on strengthening the security of identity cards of Union citizens and of residence documents issued to Union citizens and their family members exercising their right of free movement,2024-07-23,,,Passed,2025-06-12,,324
52024PC0407,2024/0224/COD,OLP,Proposal for a REGULATION OF THE EUROPEAN PARLIAMENT AND OF THE COUNCIL amending Regulation (EU) No 1026/2012 on certain measures for the purpose of the conservation of fish stocks in relation to countries allowing non-sustainable fishing,2024-09-13,2025-07-09,2025-10-08,Passed,2025-10-14,32025R2077,396
52024PC0670,2024/0670/COD,OLP,"Proposal for a REGULATION OF THE EUROPEAN PARLIAMENT AND OF THE COUNCIL establishing an application for the electronic submission of travel data (“EU Digital Travel application”) and amending Regulations (EU) 2016/399 and (EU) 2018/1726 of the European Parliament and of the Council and Council Regulation (EC) No 2252/2004, as regards the use of digital travel credentials",2024-10-08,,,Stuck,2026-06-25,,625
52024PC0671,2024/0248/CNS,CNS,Proposal for a COUNCIL REGULATION on the issuance of and technical standards for digital travel credentials based on identity cards,2024-10-08,,,Stuck,2024-12-11,,64
52024PC0469,2024/0258/COD,OLP,Proposal for a REGULATION OF THE EUROPEAN PARLIAMENT AND OF THE COUNCIL on establishing the Reform and Growth Facility for the Republic of Moldova,2024-10-09,2025-03-11,2025-03-18,Passed,2025-03-21,32025R0535,163
52024PC0531,2024/0301/COD,OLP,Proposal for a REGULATION OF THE EUROPEAN PARLIAMENT AND OF THE COUNCIL on a public interface connected to the Internal Market Information System for the declaration of posting of workers and amending Regulation (EU) No 1024/2012,2024-11-13,,,Stuck,2026-06-30,,594
52024PC0576,2024/0318/COD,OLP,Proposal for a REGULATION OF THE EUROPEAN PARLIAMENT AND OF THE COUNCIL on cooperation among enforcement authorities responsible for the enforcement of Directive (EU) 2019/633 on unfair trading practices in business-to-business relationships in the agricultural and food supply chain,2024-12-10,2026-02-12,2026-03-11,Passed,2026-03-20,32026R0697,465
52024PC0577,2024/0319/COD,OLP,"Proposal for a REGULATION OF THE EUROPEAN PARLIAMENT AND OF THE COUNCIL amending Regulations (EU) No 1308/2013, (EU) 2021/2115 and (EU) 2021/2116 as regards the strengthening of the position of farmers in the food supply chain",2024-12-10,2025-10-08,2026-07-08,Passed,2026-07-29,32026R1739,596
52025PC0027,2025/0012/COD,OLP,Proposal for a REGULATION OF THE EUROPEAN PARLIAMENT AND OF THE COUNCIL amending Regulation (EU) 2018/196 of the European Parliament and of the Council of 7 February 2018 on additional customs duties on imports of certain products originating in the United States of America,2025-02-03,2025-04-01,2025-04-14,Passed,2025-04-22,32025R0783,78
52025PC0038,2025/0022/COD,OLP,Proposal for a REGULATION OF THE EUROPEAN PARLIAMENT AND OF THE COUNCIL amending Regulation (EU) No 909/2014 as regards a shorter settlement cycle in the Union,2025-02-12,2025-09-10,2025-10-08,Passed,2025-10-14,32025R2075,244
52025PC0081,2025/0045/COD,OLP,"Proposal for a DIRECTIVE OF THE EUROPEAN PARLIAMENT AND OF THE COUNCIL amending Directives 2006/43/EC, 2013/34/EU, (EU) 2022/2464 and (EU) 2024/1760 as regards certain corporate sustainability reporting and due diligence requirements",2025-02-26,2025-11-13,2026-02-24,Passed,2026-02-26,32026L0470,365
52025PC0087,2025/0039/COD,OLP,Proposal for a REGULATION OF THE EUROPEAN PARLIAMENT AND OF THE COUNCIL amending Regulation (EU) 2023/956 as regards simplifying and strengthening the carbon border adjustment mechanism,2025-02-26,2025-05-22,2025-10-08,Passed,2025-10-17,32025R2083,233
52025PC0100,2025/0052/COD,OLP,Proposal for a REGULATION OF THE EUROPEAN PARLIAMENT AND OF THE COUNCIL on non-financial commercial real estate statistics,2025-03-11,,,Stuck,2026-07-23,,499
52025PC0101,2025/0059/COD,OLP,"Proposal for a REGULATION OF THE EUROPEAN PARLIAMENT AND OF THE COUNCIL establishing a common system for the return of third-country nationals staying illegally in the Union, and repealing Directive 2008/115/EC of the European Parliament and the Council, Council Directive 2001/40/EC and Council Decision 2004/191/EC",2025-03-11,,,Stuck,2026-09-30,,568
52025PC0102,2025/0102/COD,OLP,"Proposal for a REGULATION OF THE EUROPEAN PARLIAMENT AND OF THE COUNCIL laying a framework for strengthening the availability and security of supply of critical medicinal products as well as the availability of, and accessibility of, medicinal products of common interest, and amending Regulation (EU) 2024/795",2025-03-11,2026-01-20,,Stuck,2026-06-26,,472
52025PC0137,2025/0071/COD,OLP,"Proposal for a REGULATION OF THE EUROPEAN PARLIAMENT AND OF THE COUNCIL amending Regulations (EU) No 1308/2013, (EU) 2021/2115 and (EU) No 251/2014 as regards certain market rules and sectoral support measures in the wine sector and for aromatised wine products",2025-03-28,2026-02-10,2026-02-24,Passed,2026-02-26,32026R0471,335
52025PC0123,2025/0084/COD,OLP,Proposal for a REGULATION OF THE EUROPEAN PARLIAMENT AND OF THE COUNCIL amending Regulations (EU) 2021/1058 and (EU) 2021/1056 as regards specific measures to address strategic challenges in the context of the mid-term review,2025-04-01,2025-09-10,2025-09-18,Passed,2025-09-19,32025R1914,171
52025PC0190,2025/0104/COD,OLP,Proposal for a REGULATION OF THE EUROPEAN PARLIAMENT AND OF THE COUNCIL amending Regulation (EU) No 228/2013 as regards additional assistance and further flexibility to outermost regions affected by severe natural disasters and in the context of cyclone Chido devastating Mayotte,2025-04-23,2025-06-17,2025-06-24,Passed,2025-06-27,32025R1276,65
52025PC0173,2025/0090/COD,OLP,Proposal for a DIRECTIVE OF THE EUROPEAN PARLIAMENT AND OF THE COUNCIL on the conservation and sustainable use of marine biological diversity of areas beyond national jurisdiction,2025-04-24,2025-11-13,,Stuck,2026-05-29,,400
52025PC0179,2025/0096/COD,OLP,Proposal for a DIRECTIVE OF THE EUROPEAN PARLIAMENT AND OF THE COUNCIL on the registration documents for vehicles and vehicle registration data recorded in national vehicle registers and repealing Council Directive 1999/37/EC,2025-04-24,,,Stuck,2026-07-02,,434
52025PC0180,2025/0097/COD,OLP,Proposal for a DIRECTIVE OF THE EUROPEAN PARLIAMENT AND OF THE COUNCIL amending Directive 2014/45/EU on periodic roadworthiness tests for motor vehicles and their trailers and Directive 2014/47/EU on the technical roadside inspection of the roadworthiness of commercial vehicles circulating in the Union,2025-04-24,,,Stuck,2026-07-02,,434
52025PC0195,2025/0106/COD,OLP,"Proposal for a REGULATION OF THE EUROPEAN PARLIAMENT AND OF THE COUNCIL amending Regulation (EU) 2017/2107 laying down management, conservation and control measures applicable in the Convention area of the International Commission for the Conservation of Atlantic Tunas (ICCAT), Regulation (EU) 2018/975 laying down management, conservation and control measures applicable in the South Pacific Regional Fisheries Management Organisation (SPRFMO) Convention Area, Regulation (EU) 2019/833 laying down conservation and enforcement measures applicable in the Regulatory Area of the Northwest Atlantic Fisheries Organisation, Regulation (EU) 2021/56 laying down management, conservation and control measures applicable in the Inter-American Tropical Tuna Convention, Regulation (EU) 2022/2056 laying down conservation and management measures applicable in the Western and Central Pacific Fisheries Convention Area, Regulation (EU) 2022/2343 laying down management, conservation and control measures applicable in the Indian Ocean Tuna Commission (IOTC) Area of Competence, and Regulation (EU) 2023/2053 establishing a multiannual management plan for bluefin tuna in the eastern Atlantic and the Mediterranean",2025-05-12,,,Stuck,2026-09-28,,504
52025PC0229,2025/0108/COD,OLP,Proposal for a REGULATION OF THE EUROPEAN PARLIAMENT AND OF THE COUNCIL amending Regulation (EU) 2024/823 of 28 February 2024 on exceptional trade measures for countries and territories participating in or linked to the Stabilisation and Association Process,2025-05-14,2025-11-13,2025-12-16,Passed,2025-12-22,32025R2014,222
52025PC0259,2025/0132/COD,OLP,Proposal for a REGULATION OF THE EUROPEAN PARLIAMENT AND OF THE COUNCIL amending Regulation (EU) 2024/1348 as regards the application of the ‘safe third country’ concept,2025-05-20,2026-02-10,2026-02-24,Passed,2026-02-26,32026R0463,282
52025PC0258,2025/0129/COD,OLP,Proposal for a REGULATION OF THE EUROPEAN PARLIAMENT AND OF THE COUNCIL amending Regulation (EU) 2023/1542 as regards obligations of economic operators concerning battery due diligence policies,2025-05-21,2025-07-10,2025-07-18,Passed,2025-07-30,32025R1561,70
52025PC0501,2025/0130/COD,OLP,"Proposal for a REGULATION OF THE EUROPEAN PARLIAMENT AND OF THE COUNCIL amending Regulations (EU) 2016/679, (EU) 2016/1036, (EU) 2016/1037, (EU) 2017/1129, (EU) 2023/1542 and (EU) 2024/573 as regards the extension of certain mitigating measures available for small and medium sized enterprises to small mid-cap enterprises and further simplification measures",2025-05-21,,,Stuck,2026-06-26,,401
52025PC0502,2025/0131/COD,OLP,Proposal for a DIRECTIVE OF THE EUROPEAN PARLIAMENT AND OF THE COUNCIL amending Directives 2014/65/EU and (EU) 2022/2557 as regards the extension of certain mitigating measures available for small and medium sized enterprises to small mid-cap enterprises and further simplifying measures,2025-05-21,,,Stuck,2026-06-26,,401
52025PC0503,2025/0133/COD,OLP,"Proposal for a DIRECTIVE OF THE EUROPEAN PARLIAMENT AND OF THE COUNCIL amending Directives 2000/14/EC, 2011/65/EU, 2013/53/EU, 2014/29/EU, 2014/30/EU, 2014/31/EU, 2014/32/EU, 2014/33/EU, 2014/34/EU, 2014/35/EU, 2014/53/EU, 2014/68/EU and 2014/90/EU of the European Parliament and of the Council as regards digitalisation and common specifications",2025-05-21,,,Stuck,2026-09-16,,483
52025PC0504,2025/0134/COD,OLP,"Proposal for a REGULATION OF THE EUROPEAN PARLIAMENT AND OF THE COUNCIL amending Regulations (EU) No 765/2008, (EU) 2016/424, (EU) 2016/425, (EU) 2016/426, (EU) 2023/1230, (EU) 2023/1542 and (EU) 2024/1781 as regards digitalisation and common specifications",2025-05-21,,,Stuck,2026-06-26,,401
52025PC0262,2025/0262/COD,OLP,Proposal for a REGULATION OF THE EUROPEAN PARLIAMENT AND OF THE COUNCIL on amending Regulation (EU) 2021/947 as regards increased efficiency of the External Action Guarantee,2025-05-28,2026-03-10,2026-04-29,Passed,2026-05-04,32026R0995,341
52025PC0821,2025/0172/COD,OLP,Proposal for a REGULATION OF THE EUROPEAN PARLIAMENT AND OF THE COUNCIL on the acceleration of permit-granting for defence readiness projects,2025-06-17,,,Stuck,2026-09-25,,465
52025PC0822,2025/0176/COD,OLP,"Proposal for a REGULATION OF THE EUROPEAN PARLIAMENT AND OF THE COUNCIL amending Regulations (EC) No 1907/2006, (EC) No 1272/2008, (EU) No 528/2012, (EU) 2019/1021 and (EU) 2021/697 as regards defence readiness and facilitating defence investments and conditions for defence industry",2025-06-17,,,Stuck,2026-09-25,,465
52025PC0823,2025/0177/COD,OLP,"Proposal for a DIRECTIVE OF THE EUROPEAN PARLIAMENT AND OF THE COUNCIL amending Directives 2009/43/EC and 2009/81/EC, as regards the simplification of intra-EU transfers of defence-related products and the simplification of security and defence procurement",2025-06-17,,,Stuck,2026-09-25,,465
52025PC0825,2025/0825/COD,OLP,Proposal for a REGULATION OF THE EUROPEAN PARLIAMENT AND OF THE COUNCIL amending Regulation (EU) No 575/2013 on prudential requirements for credit institutions as regards requirements for securitisation exposures,2025-06-17,,,Stuck,2026-05-21,,338
52025PC0826,2025/0826/COD,OLP,"Proposal for a REGULATION OF THE EUROPEAN PARLIAMENT AND OF THE COUNCIL amending Regulation (EU) 2017/2402 of the European Parliament and of the Council of 12 December 2017 laying down a general framework for securitisation and creating a specific framework for simple, transparent and standardised securitisation",2025-06-17,,,Stuck,2026-05-21,,338
52025PC0335,2025/0335/COD,OLP,"Proposal for a REGULATION OF THE EUROPEAN PARLIAMENT AND OF THE COUNCIL on the safety, resilience and sustainability of space activities in the Union",2025-06-25,,,Stuck,2026-09-04,,436
52025PC0348,2025/0188/COD,OLP,Proposal for a DIRECTIVE OF THE EUROPEAN PARLIAMENT AND OF THE COUNCIL amending Directive 1999/62/EC as regards the extension of the period in which zero-emission heavy-duty vehicles can benefit from significantly reduced rates of infrastructure or user charges or from exemptions to pay them,2025-06-27,2025-10-07,2025-11-26,Passed,2025-12-04,32025L2459,160
52025PC0524,2025/0524/COD,OLP,Proposal for a REGULATION OF THE EUROPEAN PARLIAMENT AND OF THE COUNCIL amending Regulation (EU) 2021/1119 establishing the framework for achieving climate neutrality,2025-07-02,2025-11-13,2026-03-11,Passed,2026-03-18,32026R0667,259
52025PC0353,2025/0190/COD,OLP,Proposal for a REGULATION OF THE EUROPEAN PARLIAMENT AND OF THE COUNCIL on European Union designs (codification),2025-07-03,2026-02-10,2026-03-11,Passed,2026-03-30,32026R0715,270
52025PC0386,2025/0207/COD,OLP,"Proposal for a REGULATION OF THE EUROPEAN PARLIAMENT AND OF THE COUNCIL on the European Chemicals Agency and amending Regulations (EC) No 1907/2006, (EU) No 528/2012, (EU) No 649/2012 and (EU) 2019/1021",2025-07-08,,,Stuck,2026-07-22,,379
52025PC0526,2025/0526/COD,OLP,Proposal for a REGULATION OF THE EUROPEAN PARLIAMENT AND OF THE COUNCIL amending Regulation (EU) 2024/2865 as regards dates of application and transitional provisions,2025-07-08,2025-10-23,2025-11-26,Passed,2025-12-03,32025R2439,148
52025PC0531,2025/0531/COD,OLP,"Proposal for a REGULATION OF THE EUROPEAN PARLIAMENT AND OF THE COUNCIL amending Regulations (EC) No 1272/2008, (EC) No 1223/2009 and (EU) 2019/1009 as regards simplification of certain requirements and procedures for chemical products",2025-07-08,,,Stuck,2026-06-26,,353
52025PC0540,2025/0540/COD,OLP,"Proposal for a REGULATION OF THE EUROPEAN PARLIAMENT AND OF THE COUNCIL establishing the Union support for asylum, migration and integration for the period from 2028 to 2034",2025-07-16,,,Stuck,2026-07-23,,372
52025PC0541,2025/0541/COD,OLP,"Proposal for a REGULATION OF THE EUROPEAN PARLIAMENT AND OF THE COUNCIL establishing the Union support for the Schengen area, for European integrated border management and for the common policy on visas for the period from 2028 to 2034",2025-07-16,,,Stuck,2026-07-16,,365
52025PC0542,2025/0542/COD,OLP,Proposal for a REGULATION OF THE EUROPEAN PARLIAMENT AND OF THE COUNCIL establishing the Union support for internal security for the period from 2028 to 2034,2025-07-16,,,Stuck,2026-07-17,,366
52025PC0543,2025/0543/COD,OLP,"Proposal for a REGULATION OF THE EUROPEAN PARLIAMENT AND OF THE COUNCIL establishing Horizon Europe, the Framework Programme for Research and Innovation, for the period 2028-2034 laying down its rules for participation and dissemination, and repealing Regulation (EU) 2021/695",2025-07-16,,,Stuck,2026-06-25,,344
52025PC0544,2025/0544/CNS,CNS,"Proposal for a COUNCIL DECISION on establishing the Specific Programme implementing Horizon Europe - the Framework Programme for Research and Innovation for the period 2028-2034, laying down the rules for participation and dissemination under that Programme, and repealing Decision (EU) 2021/764",2025-07-16,,,Stuck,2026-06-26,,345
52025PC0545,2025/0545/COD,OLP,Proposal for a REGULATION OF THE EUROPEAN PARLIAMENT AND OF THE COUNCIL establishing a budget expenditure tracking and performance framework and other horizontal rules for the Union programmes and activities,2025-07-16,,,Stuck,2026-09-21,,432
52025PC0547,2025/0221/COD,OLP,"Proposal for a REGULATION OF THE EUROPEAN PARLIAMENT AND OF THE COUNCIL establishing the Connecting Europe Facility for the period 2028-2034, amending Regulation (EU) 2024/1679 and repealing Regulation (EU) 2021/1153",2025-07-16,,,Stuck,2026-06-25,,344
52025PC0548,2025/0223/COD,OLP,"Proposal for a REGULATION OF THE EUROPEAN PARLIAMENT AND OF THE COUNCIL on the Union Civil Protection Mechanism and Union support for health emergency preparedness and response, and repealing Decision No 1313/2013/EU (Union Civil Protection Mechanism)",2025-07-16,,,Stuck,2026-06-30,,349
52025PC0549,2025/0222/COD,OLP,"Proposal for a REGULATION OF THE EUROPEAN PARLIAMENT AND OF THE COUNCIL establishing the Erasmus+ programme for the period 2028-2034, and repealing Regulations (EU) 2021/817 and (EU) 2021/888",2025-07-16,,,Stuck,2026-06-23,,342
52025PC0550,2025/0550/COD,OLP,"Proposal for a REGULATION OF THE EUROPEAN PARLIAMENT AND OF THE COUNCIL establishing the 'AgoraEU' programme for the period 2028-2034, and repealing Regulations (EU) 2021/692 and (EU) 2021/818",2025-07-16,,,Stuck,2026-07-22,,371
52025PC0551,2025/0227/COD,OLP,Proposal for a REGULATION OF THE EUROPEAN PARLIAMENT AND OF THE COUNCIL establishing Global Europe,2025-07-16,,,Stuck,2026-09-17,,428
52025PC0552,2025/0238/COD,OLP,Proposal for a REGULATION OF THE EUROPEAN PARLIAMENT AND OF THE COUNCIL establishing the European Fund for Regional Development including for European Territorial Cooperation (Interreg) and the Cohesion Fund as part of the Fund set out in Regulation (EU) […] [NRP] and establishing conditions for the implementation of the Union support to regional development from 2028 to 2034,2025-07-16,,,Stuck,2026-09-16,,427
52025PC0553,2025/0237/COD,OLP,"Proposal for a REGULATION OF THE EUROPEAN PARLIAMENT AND OF THE COUNCIL amending Regulation (EU) No 1308/2013 as regards the school fruit, vegetables and milk scheme (‘EU school scheme’), sectoral interventions, the creation of a protein sector, requirements for hemp, the possibility for marketing standards for cheese, protein crops and meat, application of additional import duties, rules on the availability of supplies in time of emergencies and severe crisis and securities",2025-07-16,,,Stuck,2026-10-01,,442
52025PC0555,2025/0555/COD,OLP,"Proposal for a REGULATION OF THE EUROPEAN PARLIAMENT AND OF THE COUNCIL on establishing the European Competitiveness Fund ('ECF’), including the specific programme for defence research and innovation activities, repealing Regulations (EU) 2021/522, (EU) 2021/694, (EU) 2021/697, (EU) 2021/783, repealing provisions of Regulations (EU) 2021/696, (EU) 2023/588, and amending Regulation (EU) [EDIP]",2025-07-16,,,Stuck,2026-10-02,,443
52025PC0558,2025/0239/COD,OLP,"Proposal for a REGULATION OF THE EUROPEAN PARLIAMENT AND OF THE COUNCIL establishing the European Social Fund as part of the National and Regional Partnership Plan set out in Regulation (EU) […] [NRPPlan] establishing conditions for the implementation of the Union support to quality employment, skills and social inclusion for the period from 2028 to 2034",2025-07-16,,,Stuck,2026-07-16,,365
52025PC0559,2025/0235/COD,OLP,"Proposal for a REGULATION OF THE EUROPEAN PARLIAMENT AND OF THE COUNCIL establishing the conditions for the implementation of the Union support to the Common Fisheries Policy, to the European Ocean Pact and of the Union’s maritime and aquaculture policy as part of the National and Regional Partnership Fund set out in Regulation (EU) […] [NRP Fund] for the period from 2028 to 2034",2025-07-16,,,Stuck,2026-09-25,,436
52025PC0560,2025/0241/COD,OLP,Proposal for a REGULATION OF THE EUROPEAN PARLIAMENT AND OF THE COUNCIL establishing the conditions for the implementation of the Union support to the Common Agriculture Policy for the period from 2028 to 2034,2025-07-16,,,Stuck,2026-09-28,,439
52025PC0565,2025/0240/COD,OLP,"Proposal for a REGULATION OF THE EUROPEAN PARLIAMENT AND OF THE COUNCIL establishing the European Fund for economic, social and territorial cohesion, agriculture and rural, fisheries and maritime, prosperity and security for the period 2028-2034 and amending Regulation (EU) 2023/955 and Regulation (EU, Euratom) 2024/2509",2025-07-16,,,Stuck,2026-09-03,,414
52025PC0571,2025/0571/APP,APP,Proposal for a COUNCIL REGULATION laying down the multiannual financial framework for the years 2028 to 2034,2025-07-16,,,Stuck,2026-09-14,,425
52025PC0574,2025/0574/CNS,CNS,"Proposal for a COUNCIL DECISION on the system of own resources of the European Union and repealing Decision (EU, Euratom) 2020/2053",2025-07-16,,,Stuck,2026-04-24,,282
52025PC0580,2025/0580/CNS,CNS,Proposal for a COUNCIL DIRECTIVE on the structure and rates of excise duty applied to manufactured tobacco ð and tobacco related products ï (recast),2025-07-16,,,Stuck,2026-02-27,,226
52025PC0581,2025/0581/CNS,CNS,Proposal for a COUNCIL DIRECTIVE amending Directive (EU) 2020/262 as regards the general arrangements for excise duty in respect of tobacco and tobacco related products,2025-07-16,,,Stuck,2026-02-27,,226
52025PC0418,2025/0232/COD,OLP,"Proposal for a DIRECTIVE OF THE EUROPEAN PARLIAMENT AND OF THE COUNCIL amending Directive 2004/37/EC as regards the addition of substances and setting limit values in its Annexes I, III and IIIa",2025-07-18,,,Stuck,2026-10-06,,445
52025PC0435,2025/0246/COD,OLP,"Proposal for a REGULATION OF THE EUROPEAN PARLIAMENT AND OF THE COUNCIL on European fisheries and aquaculture statistics and repealing Regulations (EC) No 1921/2006, (EC) No 762/2008, (EC) No 216/2009, (EC) No 217/2009 and (EC) No 218/2009",2025-07-30,,,Stuck,2026-05-28,,302
52025PC0461,2025/0256/APP,APP,"Proposal for a COUNCIL REGULATION extending to the non-participating Member States the application of Regulation (EU) …/2028 establishing an exchange, assistance and training programme for the protection of the euro against counterfeiting for the period 2027-2034 (the ‘Pericles V’ programme)",2025-09-03,,,Stuck,2025-12-01,,89
52025PC0462,2025/0258/COD,OLP,"Proposal for a REGULATION OF THE EUROPEAN PARLIAMENT AND OF THE COUNCIL establishing the exchange, assistance and training programme for the protection of the euro against counterfeiting for the period 2028-2034 (the 'Pericles V' programme) and repealing Regulation (EU) 2021/840",2025-09-03,,,Stuck,2026-10-02,,394
52025PC0463,2025/0255/COD,OLP,Proposal for a REGULATION OF THE EUROPEAN PARLIAMENT AND OF THE COUNCIL establishing the Justice programme for the period 2028-2034 and repealing Regulation (EU) 2021/693,2025-09-03,,,Stuck,2026-07-17,,317
52025PC0590,2025/0590/COD,OLP,"Proposal for a REGULATION OF THE EUROPEAN PARLIAMENT AND OF THE COUNCIL establishing the Single Market and Customs Programme for the period 2028-2034 and repealing Regulations (EU) 2021/444, (EU) 2021/690, (EU) 2021/785, (EU) 2021/847 and (EU) 2021/1077",2025-09-03,,,Stuck,2026-09-16,,378
52025PC0598,2025/0265/CNS,CNS,Proposal for a COUNCIL REGULATION establishing the Instrument for Nuclear Safety Cooperation and Decommissioning for the period 2028-2034 and repealing Regulations (Euratom) 2021/100 and (Euratom) 2021/948,2025-09-03,,,Stuck,2026-07-01,,301
52025PC0599,2025/0264/CNS,CNS,"Proposal for a COUNCIL DECISION amending Decision (EU) 2021/1764 on the Association of the Overseas Countries and Territories with the European Union including relations between the European Union on the one hand, and Greenland and the Kingdom of Denmark on the other",2025-09-03,,,Stuck,2025-12-08,,96
52025PC0591,2025/0311/COD,OLP,Proposal for a REGULATION OF THE EUROPEAN PARLIAMENT AND OF THE COUNCIL amending Regulations (EU) No 1173/2011 and (EU) No 473/2013 as regards alignment with the EU economic governance framework and further simplification of that framework,2025-10-02,,,Stuck,2026-10-06,,369
52025PC0593,2025/0312/COD,OLP,Proposal for a REGULATION OF THE EUROPEAN PARLIAMENT AND OF THE COUNCIL amending Regulation (EU) No 472/2013 as regards the economic and budgetary surveillance of Member States in the euro area experiencing or threatened with serious difficulties with respect to their financial stability,2025-10-02,,,Stuck,2026-10-06,,369
52025PC0595,2025/0313/APP,APP,Proposal for a COUNCIL REGULATION amending Council Regulation (EC) No 332/2002 as regards funding arrangements and the use of a diversified funding strategy,2025-10-02,,,Stuck,2026-05-07,,217
52025PC0726,2025/0726/COD,OLP,Proposal for a REGULATION OF THE EUROPEAN PARLIAMENT AND OF THE COUNCIL addressing the negative trade-related effects of global overcapacity on the Union steel market,2025-10-07,,2026-06-17,Passed,2026-06-24,32026R1384,260
52025PC0639,2025/0322/COD,OLP,Proposal for a REGULATION OF THE EUROPEAN PARLIAMENT AND OF THE COUNCIL implementing the bilateral safeguard clause of the EU-Mercosur Partnership Agreement and the EU-Mercosur Interim Trade Agreement for agricultural products,2025-10-08,2025-12-16,2026-03-11,Passed,2026-03-19,32026R0687,162
52025PC0652,2025/0329/COD,OLP,Proposal for a REGULATION OF THE EUROPEAN PARLIAMENT AND OF THE COUNCIL amending Regulation (EU) 2023/1115 as regards certain obligations of operators and traders,2025-10-21,2025-11-26,2025-12-19,Passed,2025-12-23,32025R2650,63
52025PC0685,2025/0348/CNS,CNS,Proposal for a COUNCIL REGULATION amending Regulation (EU) No 904/2010 as regards the access of the European Public Prosecutor’s Office (EPPO) and the European Anti-Fraud Office (OLAF) to value added tax information at Union level,2025-11-14,,2026-07-10,Passed,2026-07-27,32026R1743,255
52025PC0689,2025/0349/COD,OLP,Proposal for a DECISION OF THE EUROPEAN PARLIAMENT AND OF THE COUNCIL empowering France to accede to the Inter-American Convention for the Protection and Conservation of Sea Turtles,2025-11-17,,,Stuck,2026-10-07,,324
52025PC0836,2025/0359/COD,OLP,Proposal for a REGULATION OF THE EUROPEAN PARLIAMENT AND OF THE COUNCIL amending Regulations (EU) 2024/1689 and (EU) 2018/1139 as regards the simplification of the implementation of harmonised rules on artificial intelligence (Digital Omnibus on AI),2025-11-19,2026-03-26,2026-07-08,Passed,2026-07-24,32026R1744,247
52025PC0837,2025/0360/COD,OLP,"Proposal for a REGULATION OF THE EUROPEAN PARLIAMENT AND OF THE COUNCIL amending Regulations (EU) 2016/679, (EU) 2018/1724, (EU) 2018/1725, (EU) 2023/2854 and Directives 2002/58/EC, (EU) 2022/2555 and (EU) 2022/2557 as regards the simplification of the digital legislative framework, and repealing Regulations (EU) 2018/1807, (EU) 2019/1150, (EU) 2022/868, and Directive (EU) 2019/1024 (Digital Omnibus)",2025-11-19,,,Stuck,2026-09-28,,313
52025PC0838,2025/0358/COD,OLP,Proposal for a REGULATION OF THE EUROPEAN PARLIAMENT AND OF THE COUNCIL on the establishment of European Business Wallets,2025-11-19,,,Stuck,2026-09-23,,308
52025PC0847,2025/0847/COD,OLP,"Proposal for a REGULATION OF THE EUROPEAN PARLIAMENT AND OF THE COUNCIL on establishing a framework of measures to facilitate the transport of military equipment, goods and personnel across the Union",2025-11-19,,,Stuck,2026-09-29,,314
52025PC0840,2025/0363/COD,OLP,Proposal for a REGULATION OF THE EUROPEAN PARLIAMENT AND OF THE COUNCIL amending Regulation (EU) 2019/1238 on a pan-European Personal Pension Product (PEPP),2025-11-20,,,Stuck,2026-09-25,,309
52025PC0841,2025/0361/COD,OLP,"Proposal for a REGULATION OF THE EUROPEAN PARLIAMENT AND OF THE COUNCIL amending Regulation (EU) 2019/2088 on sustainability-related disclosures in the financial services sector (SFDR), Regulation (EU) No 1286/2014 on key information documents for packaged retail and insurance-based investment products (PRIIPs) and repealing Commission Delegated Regulation (EU) 2022/1288",2025-11-20,,,Stuck,2026-09-15,,299
52025PC0842,2025/0362/COD,OLP,Proposal for a DIRECTIVE OF THE EUROPEAN PARLIAMENT AND OF THE COUNCIL amending Directives (EU) 2016/2341 and 2016/97 as regards the strengthening of the framework for occupational retirement provision,2025-11-20,,,Stuck,2026-08-06,,259
52025PC0738,2025/0380/COD,OLP,"Proposal for a DECISION OF THE EUROPEAN PARLIAMENT AND OF THE COUNCIL amending Decision (EU) 2015/1814 as regards the market stability reserve for the buildings, road transport and additional sectors",2025-11-27,,,Stuck,2026-09-25,,302
52025PC0747,2025/0384/COD,OLP,Proposal for a REGULATION OF THE EUROPEAN PARLIAMENT AND OF THE COUNCIL on monitoring and controlling drug precursors and repealing Regulations (EC) No 273/2004 and (EC) No 111/2005,2025-12-03,,,Stuck,2026-06-23,,202
52025PC0946,2025/0385/COD,OLP,Proposal for a REGULATION OF THE EUROPEAN PARLIAMENT AND OF THE COUNCIL amending Regulation (EU) 2024/1252,2025-12-03,,,Stuck,2026-07-09,,218
52025PC3502,2025/3502/COD,OLP,Proposal for a REGULATION OF THE EUROPEAN PARLIAMENT AND OF THE COUNCIL establishing the Reparations Loan to Ukraine and amending Regulation (EU) 2024/792 of the European Parliament and of the Council of 29 February 2024 establishing the Ukraine Facility,2025-12-03,,,Stuck,2025-12-16,,13
52025PC0941,2025/0381/COD,OLP,Proposal for a REGULATION OF THE EUROPEAN PARLIAMENT AND OF THE COUNCIL on settlement finality and repealing Directive 98/26/EC and amending Directive 2002/47/EC on financial collateral arrangements,2025-12-04,,,Stuck,2026-07-20,,228
52025PC0942,2025/0382/COD,OLP,"Proposal for a DIRECTIVE OF THE EUROPEAN PARLIAMENT AND OF THE COUNCIL amending Directives 2009/65/EC, 2011/61/EU and 2014/65/EU as regards the further development of capital market integration and supervision within the Union",2025-12-04,,,Stuck,2026-10-02,,302
52025PC0943,2025/0383/COD,OLP,"Proposal for a REGULATION OF THE EUROPEAN PARLIAMENT AND OF THE COUNCIL amending Regulations (EU) No 1095/2010, No 648/2012, No 600/2014, No 909/2014, 2015/2365, 2019/1156, 2021/23, 2022/858, 2023/1114, No 1060/2009, 2016/1011, 2017/2402, 2023/2631 and 2024/3005 as regards the further development of capital market integration and supervision within the Union",2025-12-04,,,Stuck,2026-09-10,,280
52025PC0759,2025/0390/APP,APP,"Proposal for a COUNCIL DECISION laying down the measures necessary for the implementation of Protocol No 37 on the financial consequences of the expiry of the ECSC Treaty and on the Research Fund for Coal and Steel, annexed to the Treaty on European Union and to the Treaty for the Functioning of the European Union",2025-12-10,,2026-06-29,Passed,2026-07-17,32026D1545,219
52025PC0981,2025/0397/COD,OLP,Proposal for a REGULATION OF THE EUROPEAN PARLIAMENT AND OF THE COUNCIL amending Regulation (EU) 2023/1542 and Regulation (EU) 2024/1244 as regards simplification of some requirements and reduction of administrative burden,2025-12-10,,,Stuck,2026-09-28,,292
52025PC0982,2025/0395/COD,OLP,Proposal for a REGULATION OF THE EUROPEAN PARLIAMENT AND OF THE COUNCIL suspending the application of the rules on the appointment of an authorised representative for extended producer responsibility for batteries and waste batteries and packaging and packaging waste,2025-12-10,,,Stuck,2026-09-28,,292
52025PC0983,2025/0396/COD,OLP,"Proposal for a DIRECTIVE OF THE EUROPEAN PARLIAMENT AND OF THE COUNCIL suspending the application of the rules on the appointment of authorised representatives for extended producer responsibility for waste, waste electrical and electronical equipment and single use plastic waste",2025-12-10,,,Stuck,2026-09-28,,292
52025PC0984,2025/0391/COD,OLP,Proposal for a REGULATION OF THE EUROPEAN PARLIAMENT AND OF THE COUNCIL on speeding-up environmental assessments,2025-12-10,,,Stuck,2026-09-30,,294
52025PC0985,2025/0393/COD,OLP,Proposal for a DIRECTIVE OF THE EUROPEAN PARLIAMENT AND OF THE COUNCIL amending Directive 2007/2/EC as regards simplification of certain requirements for the establishment of the Infrastructure for Spatial Information in the Union,2025-12-10,,,Stuck,2026-10-06,,300
52025PC0986,2025/0394/COD,OLP,"Proposal for a DIRECTIVE OF THE EUROPEAN PARLIAMENT AND OF THE COUNCIL amending Directives 2008/98/EC, 2010/75/EU, (EU) 2015/2193 and (EU) 2024/1785 of the European Parliament and of the Council as regards simplification of some requirements and reduction of administrative burden",2025-12-10,,,Stuck,2026-09-28,,292
52025PC1006,2025/0399/COD,OLP,"Proposal for a REGULATION OF THE EUROPEAN PARLIAMENT AND OF THE COUNCIL on guidelines for trans-European energy infrastructure, amending Regulations (EU) 2019/942, (EU) 2019/943 and (EU) 2024/1789 and repealing Regulation (EU) 2022/869",2025-12-10,,,Stuck,2026-10-02,,296
52025PC1007,2025/0400/COD,OLP,"Proposal for a DIRECTIVE OF THE EUROPEAN PARLIAMENT AND OF THE COUNCIL amending Directives (EU) 2018/2001, (EU) 2019/944, (EU) 2024/1788 as regards acceleration of permit-granting procedures",2025-12-10,,,Stuck,2026-10-02,,296
52025PC0780,2025/0417/COD,OLP,"Proposal for a REGULATION OF THE EUROPEAN PARLIAMENT AND OF THE COUNCIL amending Regulation (EU) 2018/848 as regards certain production, labelling and certification rules and certain rules on trade with third countries",2025-12-16,,,Stuck,2026-07-29,,225
52025PC0993,2025/0422/COD,OLP,"Proposal for a REGULATION OF THE EUROPEAN PARLIAMENT AND OF THE COUNCIL amending Regulations (EC) No 561/2006, (EU) 2018/858, (EU) 2019/2144 and (EU) 2024/1257 of the European Parliament and of the Council as regards the simplification of technical requirements and testing procedures for motor vehicles and repealing Council Directive 70/157/EEC and Regulation No 540/2014 of the European Parliament and of the Council",2025-12-16,,,Stuck,2026-09-28,,286
52025PC0994,2025/0421/COD,OLP,Proposal for a REGULATION OF THE EUROPEAN PARLIAMENT AND OF THE COUNCIL on clean corporate vehicles,2025-12-16,,,Stuck,2026-06-19,,185
52025PC0995,2025/0420/COD,OLP,Proposal for a REGULATION OF THE EUROPEAN PARLIAMENT AND OF THE COUNCIL amending Regulation (EU) 2019/631 as regards CO2 emission performance standards for new light duty vehicles and vehicle labelling and repealing Directive 1999/94/EC,2025-12-16,,,Stuck,2026-07-10,,206
52025PC0999,2025/0424/COD,OLP,Proposal for a DIRECTIVE OF THE EUROPEAN PARLIAMENT AND OF THE COUNCIL amending Directive 92/6/EEC to exempt certain N2 electric vehicles from the requirement to install and use a speed limitation device,2025-12-16,,,Stuck,2026-09-28,,286
52025PC1021,2025/0409/COD,OLP,"Proposal for a DIRECTIVE OF THE EUROPEAN PARLIAMENT AND OF THE COUNCIL amending Council Directive 98/58/EC and Directive 2009/128/EC of the European Parliament and of the Council as regards the simplification and strengthening of food and feed safety requirements, and repealing Council Directives 82/711/EEC and 85/572/EEC",2025-12-16,,,Stuck,2026-09-21,,279
52025PC1022,2025/0406/COD,OLP,"Proposal for a REGULATION OF THE EUROPEAN PARLIAMENT AND OF THE COUNCIL on establishing a framework of measures for strengthening Union’s biotechnology and biomanufacturing sectors particularly in the area of health and amending Regulations (EC) No 178/2002, (EC) No 1394/2007, (EU) No 536/2014, (EU) 2019/6, (EU) 2024/795 and (EU) 2024/1938 (European Biotech Act)",2025-12-16,,,Stuck,2026-09-18,,276
52025PC1023,2025/0404/COD,OLP,"Proposal for a REGULATION OF THE EUROPEAN PARLIAMENT AND OF THE COUNCIL amending Regulations (EU) 2017/745 and (EU) 2017/746 as regards simplifying and reducing the burden of the rules on medical devices and in vitro diagnostic medical devices, and amending Regulation (EU) 2022/123 as regards the support of the European Medicines Agency for the expert panels on medical devices and Regulation (EU) 2024/1689 as regards the list of Union harmonisation legislation referred to in its Annex I",2025-12-16,,,Stuck,2026-09-17,,275
52025PC1030,2025/0410/COD,OLP,"Proposal for a REGULATION OF THE EUROPEAN PARLIAMENT AND OF THE COUNCIL amending Regulations (EC) No 999/2001, (EC) No 1829/2003, (EC) No 1831/2003, (EC) No 852/2004, (EC) No 853/2004, (EC) No 396/2005, (EC) No 1099/2009, (EC) No 1107/2009, (EU) No 528/2012, (EU) 2017/625 as regards the simplification and strengthening of food and feed safety requirements",2025-12-16,,,Stuck,2026-09-28,,286
52025PC1031,2025/0405/COD,OLP,Proposal for a DIRECTIVE OF THE EUROPEAN PARLIAMENT AND OF THE COUNCIL amending Directives 2001/18/EC and 2010/53/EU as regards the placing on the market of genetically modified micro-organisms and the processing of organs,2025-12-16,,,Stuck,2026-09-10,,268
52025PC0989,2025/0419/COD,OLP,Proposal for a REGULATION OF THE EUROPEAN PARLIAMENT AND OF THE COUNCIL amending Regulation (EU) 2023/956 as regards the extension of its scope to downstream goods and anti-circumvention measures,2025-12-17,,,Stuck,2026-09-18,,275
52025PC0990,2025/0418/COD,OLP,Proposal for a REGULATION OF THE EUROPEAN PARLIAMENT AND OF THE COUNCIL establishing the Temporary Decarbonisation Fund,2025-12-17,,,Stuck,2026-09-15,,272
52025PC0773,2025/0407/COD,OLP,Proposal for a DECISION OF THE EUROPEAN PARLIAMENT AND OF THE COUNCIL empowering Austria to amend its existing bilateral road transport agreement with Switzerland with a view to authorising cabotage operations in the course of the provision of international road passenger transport services by coach and bus in the border regions between the two countries,2025-12-18,,2026-07-14,Passed,2026-07-17,32026D1769,211
52025PC0797,2025/0429/COD,OLP,Proposal for a REGULATION OF THE EUROPEAN PARLIAMENT AND OF THE COUNCIL amending Regulation (EU) 2021/1232 as regards the extension of its period of application,2025-12-19,2026-03-11,2026-07-24,Passed,2026-07-28,32026R1881,221
52026PC0020,2026/0008/COD,OLP,Proposal for a REGULATION OF THE EUROPEAN PARLIAMENT AND OF THE COUNCIL implementing enhanced cooperation on the establishment of the Ukraine Support Loan for 2026 and 2027,2026-01-14,2026-02-11,2026-02-24,Passed,2026-02-26,32026R0467,43
52026PC0021,2026/0009/APP,APP,,2026-01-14,,,Stuck,2026-01-14,,0
52026PC0011,2026/0011/COD,OLP,"Proposal for a REGULATION OF THE EUROPEAN PARLIAMENT AND OF THE COUNCIL on the European Union Agency for Cybersecurity (ENISA), the European cybersecurity certification framework, and ICT supply chain security and repealing Regulation (EU) 2019/881 (The Cybersecurity Act 2)",2026-01-20,,,Stuck,2026-09-23,,246
52026PC0013,2026/0012/COD,OLP,Proposal for a DIRECTIVE OF THE EUROPEAN PARLIAMENT AND OF THE COUNCIL amending Directive (EU) 2022/2555 as regards simplification measures and alignment with the [Proposal for the Cybersecurity Act 2],2026-01-20,,,Stuck,2026-09-24,,247
52026PC0016,2026/0013/COD,OLP,"Proposal for a REGULATION OF THE EUROPEAN PARLIAMENT AND OF THE COUNCIL on digital networks, amending Regulation (EU) 2015/2120, Directive 2002/58/EC and Decision No 676/2002/EC and repealing Regulation (EU) 2018/1971, Directive (EU) 2018/1972 and Decision No 243/2012/EU (Digital Networks Act)",2026-01-21,,,Stuck,2026-09-21,,243
52026PC0069,2026/0044/COD,OLP,Proposal for a REGULATION OF THE EUROPEAN PARLIAMENT AND OF THE COUNCIL amending Regulation (EU) 2019/1753 as regards amendments adopted by the Assembly of the Lisbon Union on 14 July 2025 to the Common Regulations under the Lisbon Agreement on Appellations of Origin and Geographical Indications,2026-02-12,,,Stuck,2026-09-28,,228
52026PC0074,2026/0045/COD,OLP,"Proposal for a DIRECTIVE OF THE EUROPEAN PARLIAMENT AND OF THE COUNCIL on the supplementary supervision of credit institutions, insurance or reinsurance undertakings, investment firms , asset management companies and alternative investment fund managers in a financial conglomerate (codification)",2026-02-17,,,Stuck,2026-02-17,,0
52026PC0102,2026/0059/COD,OLP,Proposal for a DIRECTIVE OF THE EUROPEAN PARLIAMENT AND OF THE COUNCIL on combating firearms trafficking and other firearms-related offences and amending Directive (EU) 2024/1260 of the European Parliament and of the Council,2026-02-26,,,Stuck,2026-09-16,,202
52026PC0100,2026/0068/COD,OLP,"Proposal for a REGULATION OF THE EUROPEAN PARLIAMENT AND OF THE COUNCIL establishing a framework of measures for the acceleration of industrial capacity and decarbonisation in strategic sectors and amending Regulations (EU) 2018/1724, (EU) 2024/1735 and (EU) 2024/3110",2026-03-04,,,Stuck,2026-09-30,,210
52026PC0321,2026/0074/COD,OLP,Proposal for a REGULATION OF THE EUROPEAN PARLIAMENT AND OF THE COUNCIL on THE 28TH REGIME CORPORATE LEGAL FRAMEWORK - 'EU INC.',2026-03-18,,,Stuck,2026-09-28,,194
52026PC0135,2026/0078/COD,OLP,Proposal for a REGULATION OF THE EUROPEAN PARLIAMENT AND OF THE COUNCIL on establishing the Programme for agile and rapid defence innovation (AGILE),2026-03-25,,,Stuck,2026-10-06,,195
52026PC0153,2026/0085/COD,OLP,Proposal for a DECISION OF THE EUROPEAN PARLIAMENT AND OF THE COUNCIL amending Decision (EU) 2015/1814 as regards ceasing the invalidation of allowances in the market stability reserve,2026-04-01,,,Stuck,2026-09-22,,174
52026PC0152,2026/0084/COD,OLP,Proposal for a REGULATION OF THE EUROPEAN PARLIAMENT AND OF THE COUNCIL on the European Union Space Services Agency and amending Regulation (EU) 2021/696,2026-04-07,,,Stuck,2026-09-30,,176
52026PC0231,2026/0113/COD,OLP,Proposal for a REGULATION OF THE EUROPEAN PARLIAMENT AND OF THE COUNCIL on multimodal booking and repealing Regulation (EC) No 80/2009,2026-05-13,,,Stuck,2026-05-13,,0
52026PC0232,2026/0115/COD,OLP,Proposal for a REGULATION OF THE EUROPEAN PARLIAMENT AND OF THE COUNCIL on rail ticketing,2026-05-13,,,Stuck,2026-05-13,,0
52026PC0233,2026/0114/COD,OLP,Proposal for a REGULATION OF THE EUROPEAN PARLIAMENT AND OF THE COUNCIL amending Regulation (EU) 2021/782 as regards the protection of passengers with single tickets,2026-05-13,,,Stuck,2026-05-13,,0
52026PC0198,2026/0111/COD,OLP,"Proposal for a REGULATION OF THE EUROPEAN PARLIAMENT AND OF THE COUNCIL amending Regulation (EU) 2017/2107 laying down management, conservation and control measures applicable in the Convention area of the International Commission for the Conservation of Atlantic Tunas (ICCAT), Regulation (EU) 2018/975 laying down management, conservation and control measures applicable in the South Pacific Regional Fisheries Management Organisation (SPRFMO) Convention Area, Regulation (EU) 2019/833 laying down conservation and enforcement measures applicable in the Regulatory Area of the Northwest Atlantic Fisheries Organisation, Regulation (EU) 2021/56 laying down management, conservation and control measures applicable in the Inter-American Tropical Tuna Convention area, Regulation (EU) 2022/2056 laying down conservation and management measures applicable in the Western and Central Pacific Fisheries Convention Area, Regulation (EU) 2022/2343 laying down management, conservation and control measures applicable in the Indian Ocean Tuna Commission (IOTC) Area of Competence, and Regulation (EU) 2023/2053 establishing a multiannual management plan for bluefin tuna in the eastern Atlantic and the Mediterranean",2026-05-20,,,Stuck,2026-09-23,,126
52026PC0311,2026/0134/COD,OLP,Proposal for a REGULATION OF THE EUROPEAN PARLIAMENT AND OF THE COUNCIL on the procedure for authorisation of systems providing mobile satellite services using the harmonised 2 GHz frequency band and repealing Decision No 626/2008/EC,2026-05-27,,,Stuck,2026-09-24,,120
52026PC0502,2026/0138/COD,OLP,Proposal for a REGULATION OF THE EUROPEAN PARLIAMENT AND OF THE COUNCIL establishing a framework of measures for strengthening Europe’s cloud and AI ecosystem (Cloud and AI Development Act),2026-06-03,,,Stuck,2026-09-29,,118
52026PC0504,2026/0139/COD,OLP,"Proposal for a REGULATION OF THE EUROPEAN PARLIAMENT AND OF THE COUNCIL on a framework of measures for strengthening the Union’s semiconductor ecosystem, repealing Regulation (EU) 2023/1781 (Chips Act 2.0)",2026-06-03,,,Stuck,2026-09-23,,112
52026PC0313,2026/0172/COD,OLP,Proposal for a DIRECTIVE OF THE EUROPEAN PARLIAMENT AND OF THE COUNCIL regarding the European Investigation Order in criminal matters and the European Remote Participation Order (recast),2026-06-23,,,Stuck,2026-09-22,,91
52026PC0314,2026/0173/COD,OLP,"Proposal for a REGULATION OF THE EUROPEAN PARLIAMENT AND OF THE COUNCIL amending Regulation (EU) 2018/1725 of the European Parliament and of the Council on the protection of natural persons with regard to the processing of personal data by the Union institutions, bodies, offices and agencies and on the free movement of such data",2026-06-23,,,Stuck,2026-09-11,,80
52026PC0308,2026/0168/CNS,CNS,Proposal for a COUNCIL DIRECTIVE on administrative cooperation in the field of taxation (recast),2026-06-24,,,Stuck,2026-08-24,,61
52026PC0560,2026/0163/CNS,CNS,"Proposal for a COUNCIL DIRECTIVE amending Directives 2003/49/EC, 2009/133/EC, 2011/96/EU, (EU) 2016/1164, (EU)2017/1852, (EU) 2025/50 as regards the simplification of the Union framework on direct taxation and supporting growth and competitiveness of the EU",2026-06-24,,,Stuck,2026-09-10,,78
52026PC0565,2026/0169/COD,OLP,Proposal for a REGULATION OF THE EUROPEAN PARLIAMENT AND OF THE COUNCIL amending Regulation (EU) 2017/1369 and Regulation (EU) 2020/740 as regards simplification and better use of digital options for energy and tyre labelling,2026-06-24,,,Stuck,2026-09-28,,96
52026PC0570,2026/0164/COD,OLP,Proposal for a REGULATION OF THE EUROPEAN PARLIAMENT AND OF THE COUNCIL on the European Union Agency for Criminal Justice Cooperation (Eurojust) and repealing Regulation (EU) 2018/1727,2026-06-24,,,Stuck,2026-09-30,,98
52026PC0580,2026/0165/COD,OLP,"Proposal for a REGULATION OF THE EUROPEAN PARLIAMENT AND OF THE COUNCIL on the European Union Agency for Law Enforcement Cooperation (Europol), amending Regulation (EU) 2018/1726 and Regulation (EU) 2024/982, and repealing Regulation (EU) 2016/794",2026-06-24,,,Stuck,2026-09-18,,86
52026PC0348,2026/0189/COD,OLP,Proposal for a REGULATION OF THE EUROPEAN PARLIAMENT AND OF THE COUNCIL on temporary trade-liberalisation measures applicable to Armenian products,2026-07-02,,,Stuck,2026-09-23,,83
52026PC0339,2026/0181/COD,OLP,Proposal for a REGULATION OF THE EUROPEAN PARLIAMENT AND OF THE COUNCIL amending Regulation (EU) 2019/788 as regards the power of the Commission to adopt delegated acts,2026-07-03,,,Stuck,2026-07-03,,0
52026PC0600,2026/0203/COD,OLP,"Proposal for a REGULATION OF THE EUROPEAN PARLIAMENT AND OF THE COUNCIL amending Regulation (EU) 2019/943, as regards future-proofing electricity bills in the Union, through reducing system costs and fostering electrification and digitalisation",2026-07-17,,,Stuck,2026-07-20,,3
52026PC0616,2026/0212/COD,OLP,Proposal for a DIRECTIVE OF THE EUROPEAN PARLIAMENT AND OF THE COUNCIL amending Directive 2003/87/EC and Decision (EU) 2015/1814 as regards driving competitiveness and cost-effective decarbonisation,2026-07-17,,,Stuck,2026-09-28,,73
52026PC0619,2026/0211/COD,OLP,Proposal for a REGULATION OF THE EUROPEAN PARLIAMENT AND OF THE COUNCIL amending Directive 2003/87/EC as regards revised benchmark values for the heat and fuel benchmarks for the period from 2026 to 2030,2026-07-17,,,Stuck,2026-09-22,,67
52026PC0620,2026/0210/COD,OLP,"Proposal for a REGULATION OF THE EUROPEAN PARLIAMENT AND OF THE COUNCIL amending Regulations (EU) 2015/757 and (EU) 2023/1805 to simplify and streamline monitoring, reporting and verification and to align with revisions of the EU Emissions Trading System",2026-07-17,,,Stuck,2026-09-15,,60
52026PC0386,2026/0215/COD,OLP,Proposal for a DIRECTIVE OF THE EUROPEAN PARLIAMENT AND OF THE COUNCIL on specific stability requirements for ro-ro passenger ships (codification),2026-07-23,,,Stuck,2026-07-23,,0
52026PC0413,2026/0229/COD,OLP,Proposal for a REGULATION OF THE EUROPEAN PARLIAMENT AND OF THE COUNCIL on the Farm Sustainability Data Network (codification),2026-07-29,,,Stuck,2026-07-29,,0
52026PC0567,2026/0264/COD,OLP,Proposal for a REGULATION OF THE EUROPEAN PARLIAMENT AND OF THE COUNCIL establishing a framework of measures for strengthening the Union innovation ecosystem and amending Regulation (EU) 2017/1001 (European Innovation Act),2026-09-09,,,Stuck,2026-09-29,,20
52026PC0590,2026/0265/COD,OLP,"Proposal for a REGULATION OF THE EUROPEAN PARLIAMENT AND OF THE COUNCIL on public contracts and concessions, repealing Directives 2014/23/EU, 2014/24/EU and 2014/25/EU, and amending Regulations (EC) No 1370/2007, (EU) 2023/1542, (EU) 2024/1157, (EU) 2024/1252, (EU) 2024/1735, (EU) 2024/1781, (EU) 2024/2847, (EU) 2024/3110 and (EU) 2025/40, and Directives 2008/98/EC, (EU) 2019/882, (EU) 2022/2381, (EU) 2023/1791 and (EU) 2024/1760 (Public Procurement Act)",2026-09-09,,,Stuck,2026-09-11,,2
52026PC0599,2026/0268/COD,OLP,Proposal for a REGULATION OF THE EUROPEAN PARLIAMENT AND OF THE COUNCIL establishing a framework for measures in Member States to safeguard housing affordability and availability (Affordable Housing Act),2026-09-09,,,Stuck,2026-09-15,,6
52026PC0455,2026/0259/COD,OLP,Proposal for a DECISION OF THE EUROPEAN PARLIAMENT AND OF THE COUNCIL renewing a Union action for the European Capitals of Culture for the years 2034 to 2047 and repealing Decision No 445/2014/EU,2026-09-10,,,Stuck,2026-09-24,,14
52026PC0661,2026/0261/CNS,CNS,"Proposal for a COUNCIL REGULATION amending Regulations (EU) No 1380/2013, (EU) No 1308/2013, (EU) 2023/1115 and (EU) 2024/1348 of the European Parliament and of the Council, and Council Regulation (EU) 2023/2720 as regards adaptation of certain requirements and reduction of administrative burden in the Union outermost regions",2026-09-10,,,Stuck,2026-09-17,,7
52026PC0662,2026/0260/CNS,CNS,Proposal for a COUNCIL DECISION amending Decision (EU) 2021/991 concerning the dock dues scheme in the French outermost regions,2026-09-10,,,Stuck,2026-09-11,,1
52026PC0980,2026/0271/COD,OLP,"Proposal for a REGULATION OF THE EUROPEAN PARLIAMENT AND OF THE COUNCIL on digitalising the coordination of social security systems, laying down a framework for the European Social Security Pass (ESSPASS) and amending Regulations (EC) No 883/2004, (EC) No 987/2009 and (EU) No 2018/1724",2026-09-15,,,Stuck,2026-09-21,,6
52026PC0985,2026/0272/COD,OLP,"Proposal for a REGULATION OF THE EUROPEAN PARLIAMENT AND OF THE COUNCIL amending Regulation (EU) 2019/1149 establishing a European Labour Authority, Regulation (EU) 2016/589 on a European network of employment services (EURES), workers' access to mobility services and the further integration of labour markets and Regulation (EU) No 1024/2012 on administrative cooperation through the Internal Market Information System, and repealing Commission Implementing Decisions (EU) 2017/1256, (EU) 2018/170, (EU) 2018/1020 and (EU) 2018/1021",2026-09-15,,,Stuck,2026-09-24,,9
52026PC0990,2026/0275/COD,OLP,Proposal for a DIRECTIVE OF THE EUROPEAN PARLIAMENT AND OF THE COUNCIL on the recognition of qualifications of third-country nationals,2026-09-15,,,Stuck,2026-09-15,,0
52026PC0992,2026/0274/COD,OLP,"Proposal for a REGULATION OF THE EUROPEAN PARLIAMENT AND OF THE COUNCIL on portability of qualifications and skills and amending Regulation (EU) 2018/1724 (""Skills Portabilty Act"")",2026-09-15,,,Stuck,2026-09-15,,0
52026PC0995,2026/0273/COD,OLP,Proposal for a DIRECTIVE OF THE EUROPEAN PARLIAMENT AND OF THE COUNCIL amending Directive 2005/36/EC as regards the digitalisation of procedures and recognition of professional qualifications issued outside the Union and Regulation (EU) No 1024/2012,2026-09-15,,,Stuck,2026-09-15,,0
52026PC0681,2026/0286/COD,OLP,Proposal for a REGULATION OF THE EUROPEAN PARLIAMENT AND OF THE COUNCIL EU KIDS ACT - 'EU Keeping Internet Digital Spaces Accountable and Trustworthy',2026-09-17,,,Stuck,2026-09-17,,0
52026PC0498,2026/0289/COD,OLP,Proposal for a REGULATION OF THE EUROPEAN PARLIAMENT AND OF THE COUNCIL amending Regulation (EU) 2021/1139 as regards simplification and the transposition of the WTO Agreement on Fisheries Subsidies,2026-09-21,,,Stuck,2026-09-21,,0
52026PC0507,2026/0290/COD,OLP,"Proposal for a REGULATION OF THE EUROPEAN PARLIAMENT AND OF THE COUNCIL laying down management, conservation and control measures applicable in the Convention area of the North Pacific Fisheries Commission",2026-09-28,,,Stuck,2026-09-28,,0
52026PC1010,2026/0301/COD,OLP,Proposal for a REGULATION OF THE EUROPEAN PARLIAMENT AND OF THE COUNCIL establishing the European Union Critical Communication System (EUCCS),2026-09-30,,,Stuck,2026-09-30,,0
52026PC1020,2026/0308/COD,OLP,Proposal for a REGULATION OF THE EUROPEAN PARLIAMENT AND OF THE COUNCIL establishing the framework for the use of the European Union Critical Communication System by the Member States’ services and other organisations in charge of civil protection and amending Regulation (EU) …/…,2026-09-30,,,Stuck,2026-09-30,,0
52026PC0515,2026/0292/CNS,CNS,Proposal for a COUNCIL DIRECTIVE amending Directive 2006/112/EC as regards the extension of the application period of the optional reverse charge mechanism in relation to supplies of certain goods and services susceptible to fraud and of the Quick Reaction Mechanism against VAT fraud,2026-10-01,,,Stuck,2026-10-02,,1
52026PC0523,2026/0294/COD,OLP,Proposal for a REGULATION OF THE EUROPEAN PARLIAMENT AND OF THE COUNCIL amending Regulation (EU) 2016/1628 as regards the inclusion of hydrogen as a reference fuel for the testing of an engine type or engine family,2026-10-01,,,Stuck,2026-10-01,,0
