week_start,euro_stoxx_50,euro_stoxx_50_13w_momentum,euro_stoxx_50_z,brent_crude,brent_crude_13w_momentum,brent_crude_z,wti_crude,wti_crude_13w_momentum,wti_crude_z,natural_gas,natural_gas_13w_momentum,natural_gas_z,copper,copper_13w_momentum,copper_z,wheat,wheat_13w_momentum,wheat_z,corn,corn_13w_momentum,corn_z,soybeans,soybeans_13w_momentum,soybeans_z,gold,gold_13w_momentum,gold_z,silver,silver_13w_momentum,silver_z,economy_score,condition,index_score,index_trend,energy_score,energy_trend,industrial_metals_score,industrial_metals_trend,agriculture_score,agriculture_trend,precious_metals_score,precious_metals_trend
2021-01-04,3598.158008,,,53.872000,,,50.250001,,,2.685600,,,3.642500,,,644.900000,,,492.150000,,,1353.600000,,,1911.719995,,,26.722000,,,0.000000,stagnating,,unknown,,unknown,,unknown,,unknown,,unknown
2021-01-11,3618.036035,,,55.964000,,,52.860000,,,2.726000,,,3.611400,,,661.150000,,,519.950000,,,1412.150000,,,1846.240015,,,25.342801,,,0.000000,stagnating,,unknown,,unknown,,unknown,,unknown,,unknown
2021-01-18,3608.577979,,,55.872500,,,52.905001,,,2.505500,,,3.643625,,,658.812500,,,518.187500,,,1359.312500,,,1857.199982,,,25.589750,,,0.000000,stagnating,,unknown,,unknown,,unknown,,unknown,,unknown
2021-01-25,3544.165967,,,55.802000,,,52.554000,,,2.649200,,,3.599300,,,656.400000,,,531.850000,,,1362.350000,,,1847.240015,,,25.833800,,,0.000000,stagnating,,unknown,,unknown,,unknown,,unknown,,unknown
2021-02-01,3605.790039,,,58.089999,,,55.415999,,,2.856400,,,3.576900,,,644.550000,,,548.550000,,,1366.100000,,,1827.319995,,,27.179400,,,0.000000,stagnating,,unknown,,unknown,,unknown,,unknown,,unknown
2021-02-08,3668.460010,,,61.338000,,,58.544001,,,2.881600,,,3.757500,,,642.200000,,,546.850000,,,1376.600000,,,1832.879980,,,27.281000,,,0.000000,stagnating,,unknown,,unknown,,unknown,,unknown,,unknown
2021-02-15,3710.989990,,,63.632499,,,60.237500,,,3.124750,,,3.922625,,,653.687500,,,549.562500,,,1380.187500,,,1781.050018,,,27.240500,,,0.000000,stagnating,,unknown,,unknown,,unknown,,unknown,,unknown
2021-02-22,3683.332031,,,66.131999,,,62.282000,,,2.846800,,,4.200300,,,667.350000,,,554.850000,,,1404.950000,,,1783.280029,,,27.533000,,,0.000000,stagnating,,unknown,,unknown,,unknown,,unknown,,unknown
2021-03-01,3700.302051,,,65.312000,,,62.317999,,,2.775800,,,4.116400,,,652.550000,,,553.350000,,,1413.350000,,,1714.319995,,,26.109000,,,0.000000,stagnating,,unknown,,unknown,,unknown,,unknown,,unknown
2021-03-08,3809.641992,,,68.501999,,,65.026001,,,2.657200,,,4.090700,,,644.350000,,,555.800000,,,1424.350000,,,1711.820020,,,25.906400,,,0.000000,stagnating,,unknown,,unknown,,unknown,,unknown,,unknown
2021-03-15,3847.020020,,,66.615999,,,63.242000,,,2.518000,,,4.118800,,,637.900000,,,553.200000,,,1413.800000,,,1732.279980,,,26.174000,,,0.000000,stagnating,,unknown,,unknown,,unknown,,unknown,,unknown
2021-03-22,3838.532031,,,63.268002,,,60.004000,,,2.547000,,,4.074400,,,622.500000,,,550.500000,,,1417.650000,,,1730.759985,,,25.251200,,,0.000000,stagnating,,unknown,,unknown,,unknown,,unknown,,unknown
2021-03-29,3918.559998,,,64.380001,,,60.680000,,,2.614000,,,4.008125,,,611.875000,,,552.500000,,,1399.625000,,,1709.575012,,,24.580000,,,0.000000,stagnating,,unknown,,unknown,,unknown,,unknown,,unknown
2021-04-05,3970.965027,0.103611,1.226518,62.840001,0.166469,0.738957,59.334000,0.180776,0.790360,2.507000,-0.066503,-0.374862,4.098700,0.125244,0.937418,623.450000,-0.033261,-0.324270,565.000000,0.148024,1.085568,1411.700000,0.042923,0.432989,1743.280005,-0.088109,-1.551943,25.217600,-0.056298,-0.585228,0.811776,getting better,1.226518,getting better,0.384818,getting better,0.176095,stagnating,0.398096,getting better,0.483358,getting better
2021-04-12,3986.317969,0.101791,1.197495,65.448000,0.169466,0.755499,61.924001,0.171472,0.740585,2.627200,-0.036244,-0.281961,4.124700,0.142133,1.101837,642.400000,-0.028360,-0.288840,583.700000,0.122608,0.894790,1406.600000,-0.003930,-0.035108,1752.719995,-0.050654,-1.111796,25.568000,0.008886,-0.242461,0.790863,getting better,1.197495,getting better,0.404708,getting better,0.429688,getting better,0.190281,stagnating,0.434667,getting better
2021-04-19,3992.983984,0.106526,1.273005,66.090001,0.182872,0.829482,62.148000,0.174709,0.757905,2.729400,0.089363,0.103674,4.276800,0.173776,1.409880,681.150000,0.033906,0.161264,626.000000,0.208057,1.536188,1498.400000,0.102322,1.026437,1780.380005,-0.041363,-1.002614,26.096400,0.019799,-0.185077,1.012770,getting better,1.273005,getting better,0.563687,getting better,0.612402,getting better,0.907963,getting better,0.408768,getting better
2021-04-26,4003.881982,0.129711,1.642739,67.029999,0.201211,0.930694,63.460001,0.207520,0.933431,2.886000,0.089385,0.103742,4.540000,0.261356,2.262470,735.700000,0.120810,0.789481,700.850000,0.317759,2.359634,1558.000000,0.143612,1.438960,1773.760010,-0.039778,-0.983987,26.122000,0.011156,-0.230525,1.402621,abnormally getting better,1.642739,getting better,0.655956,getting better,1.015972,getting better,1.529358,getting better,0.376731,getting better
2021-05-03,3992.306006,0.107193,1.283650,68.353998,0.176691,0.795373,65.084000,0.174462,0.756583,2.951400,0.033259,-0.068577,4.600600,0.286198,2.504298,751.200000,0.165464,1.112274,752.500000,0.371798,2.765266,1589.150000,0.163275,1.635408,1799.820020,-0.015049,-0.693387,26.981600,-0.007278,-0.327457,1.309093,abnormally getting better,1.283650,getting better,0.494460,getting better,1.088421,getting better,1.837649,getting better,0.182965,stagnating
2021-05-10,3983.570007,0.085897,0.944040,68.390001,0.114970,0.454745,65.094000,0.111882,0.421797,2.958000,0.026513,-0.089287,4.726800,0.257964,2.229446,742.150000,0.155637,1.041234,733.800000,0.341867,2.540596,1626.800000,0.181752,1.820010,1831.719995,-0.000633,-0.523973,27.352800,0.002632,-0.275348,1.065145,getting better,0.944040,getting better,0.262418,stagnating,0.977049,getting better,1.800613,getting better,0.124313,stagnating
2021-05-17,3994.922021,0.076511,0.794361,67.276001,0.057259,0.136251,64.149999,0.064951,0.170734,2.983200,-0.045300,-0.309764,4.624900,0.179032,1.461044,685.300000,0.048360,0.265753,658.600000,0.198408,1.463760,1551.900000,0.124412,1.247140,1875.139990,0.052828,0.104272,28.021400,0.028667,-0.138445,0.664669,getting better,0.794361,getting better,-0.000926,stagnating,0.661300,getting better,0.992218,getting better,-0.121359,stagnating
2021-05-24,4044.369995,0.098019,1.137356,69.014000,0.043580,0.060760,66.300000,0.064513,0.168389,2.945400,0.034635,-0.064350,4.589100,0.092565,0.619290,661.400000,-0.008916,-0.148284,644.650000,0.161846,1.189316,1521.100000,0.082672,0.830118,1896.379980,0.063422,0.228767,27.937800,0.014702,-0.211877,0.592105,getting better,1.137356,getting better,0.054933,stagnating,0.203707,stagnating,0.623717,getting better,-0.220322,stagnating
2021-05-31,4073.665967,0.100901,1.183308,71.199999,0.090152,0.317782,68.745001,0.103132,0.374991,3.079250,0.109320,0.164944,4.567750,0.109647,0.785583,686.250000,0.051644,0.289487,677.125000,0.223683,1.653481,1561.000000,0.104468,1.047879,1895.050018,0.105424,0.722342,27.902000,0.068674,0.071928,0.744512,getting better,1.183308,getting better,0.285906,stagnating,0.428756,getting better,0.996949,getting better,-0.325207,stagnating
2021-06-07,4102.655957,0.076914,0.800783,72.228000,0.054393,0.120435,70.088002,0.077846,0.239715,3.154400,0.187114,0.403786,4.533200,0.108172,0.771228,682.350000,0.058974,0.342479,686.700000,0.235516,1.742305,1551.050000,0.088953,0.892869,1892.940015,0.105806,0.726828,27.969400,0.079633,0.129556,0.591390,getting better,0.800783,getting better,0.254645,stagnating,0.450392,getting better,0.992551,getting better,-0.298636,stagnating
2021-06-14,4133.891992,0.074570,0.763405,73.566000,0.104329,0.396024,71.566000,0.131621,0.527398,3.262200,0.295552,0.736709,4.322300,0.049408,0.199157,660.100000,0.034802,0.167741,657.600000,0.188720,1.391043,1422.450000,0.006118,0.065284,1825.500024,0.053813,0.115849,27.061000,0.033889,-0.110987,0.516368,getting better,0.763405,getting better,0.553377,getting better,0.044085,stagnating,0.541356,getting better,-0.113418,stagnating
2021-06-21,4110.898047,0.070956,0.705770,75.328000,0.190618,0.872230,73.430002,0.223752,1.020267,3.339200,0.311033,0.784237,4.272700,0.048670,0.191973,652.400000,0.048032,0.263381,654.600000,0.189101,1.393900,1379.100000,-0.027193,-0.267522,1779.640015,0.028242,-0.184653,26.020000,0.030446,-0.129089,0.595847,getting better,0.705770,getting better,0.892245,getting better,0.031442,stagnating,0.463253,getting better,0.027782,stagnating
2021-06-28,4084.983936,0.042471,0.251515,75.315999,0.169866,0.757708,73.950003,0.218688,0.993179,3.651600,0.396940,1.047986,4.275000,0.066584,0.366363,652.300000,0.066067,0.393755,701.400000,0.269502,1.997410,1413.050000,0.009592,0.099988,1775.200000,0.038387,-0.065438,26.162201,0.064369,0.049294,0.522485,getting better,0.251515,stagnating,0.932958,getting better,0.207828,stagnating,0.830384,getting better,0.057366,stagnating
2021-07-05,4055.664014,0.021330,-0.085624,74.407501,0.184079,0.836142,73.267500,0.234832,1.079541,3.648750,0.455425,1.227545,4.302750,0.049784,0.202821,613.875000,-0.015358,-0.194854,644.062500,0.139934,1.024840,1386.125000,-0.018116,-0.176841,1801.774963,0.033555,-0.122223,26.110500,0.035408,-0.102998,0.308649,stagnating,-0.085624,stagnating,1.047743,getting better,0.049911,stagnating,0.217715,stagnating,0.009612,stagnating
2021-07-12,4075.919971,0.022477,-0.067320,74.694000,0.141272,0.599905,73.187999,0.181900,0.796375,3.678600,0.400198,1.057990,4.316000,0.046379,0.169674,654.650000,0.019069,0.054014,629.900000,0.079150,0.568587,1448.100000,0.029504,0.298924,1816.960010,0.036652,-0.085828,26.146000,0.022606,-0.170314,0.259987,stagnating,-0.067320,stagnating,0.818090,getting better,-0.000320,stagnating,0.307175,stagnating,-0.042243,stagnating
2021-07-19,4015.940039,0.005749,-0.334087,71.618001,0.083644,0.281864,69.624001,0.120294,0.466797,3.935400,0.441855,1.185885,4.304200,0.006407,-0.219456,697.050000,0.023343,0.084908,562.250000,-0.101837,-0.789942,1425.600000,-0.048585,-0.481248,1806.240015,0.014525,-0.345847,25.184800,-0.034932,-0.472876,-0.051953,stagnating,-0.334087,stagnating,0.644849,getting better,-0.346166,stagnating,-0.395427,lowering,-0.063515,stagnating
2021-07-26,4095.303955,0.022833,-0.061643,75.220001,0.122184,0.494561,72.704001,0.145667,0.602535,4.018000,0.392238,1.033552,4.522900,-0.003767,-0.318492,689.850000,-0.062322,-0.534343,550.550000,-0.214454,-1.635267,1422.400000,-0.087035,-0.865390,1808.499976,0.019585,-0.286379,25.215000,-0.034722,-0.471770,-0.047709,stagnating,-0.061643,stagnating,0.710216,getting better,-0.395131,lowering,-1.011667,lowering,-0.092696,stagnating
2021-08-02,4143.018066,0.037751,0.176244,71.534000,0.046523,0.077002,69.467999,0.067359,0.183615,4.080000,0.382395,1.003331,4.367200,-0.050733,-0.775704,720.600000,-0.040735,-0.378297,553.150000,-0.264917,-2.014054,1407.850000,-0.114086,-1.135656,1804.559985,0.002634,-0.485588,25.231600,-0.064859,-0.630245,-0.141629,stagnating,0.176244,stagnating,0.421316,getting better,-0.702975,lowering,-1.176002,lowering,-0.072329,stagnating
2021-08-09,4205.466016,0.055703,0.462529,70.601999,0.032344,-0.001247,68.310001,0.049405,0.087569,4.000400,0.352400,0.911243,4.349100,-0.079906,-1.059708,736.200000,-0.008017,-0.141788,558.200000,-0.239302,-1.821785,1422.500000,-0.125584,-1.250529,1748.300000,-0.045542,-1.051718,23.395800,-0.144665,-1.049901,-0.078077,stagnating,0.462529,getting better,0.332522,stagnating,-1.054804,lowering,-1.071367,lowering,0.000908,stagnating
2021-08-16,4172.093945,0.044349,0.281473,67.680000,0.006005,-0.146604,65.069999,0.014341,-0.100013,3.863200,0.294985,0.734969,4.162200,-0.100045,-1.255763,734.800000,0.072231,0.438311,554.700000,-0.157759,-1.209703,1344.000000,-0.133965,-1.334260,1785.820020,-0.047634,-1.076300,23.433000,-0.163746,-1.150237,-0.157404,stagnating,0.281473,stagnating,0.162784,stagnating,-1.203000,lowering,-0.701884,lowering,-0.036968,stagnating
2021-08-23,4179.294043,0.033361,0.106242,71.164000,0.031153,-0.007818,67.539999,0.018703,-0.076681,4.058400,0.377877,0.989461,4.263400,-0.070973,-0.972740,718.550000,0.086408,0.540790,548.900000,-0.148530,-1.140430,1340.750000,-0.118566,-1.180409,1804.100000,-0.048661,-1.088373,23.783200,-0.148709,-1.071164,-0.117747,stagnating,0.106242,stagnating,0.301654,stagnating,-1.021952,lowering,-0.593350,lowering,0.008605,stagnating
2021-08-30,4211.312012,0.033789,0.113071,72.725999,0.021433,-0.061464,69.115999,0.005397,-0.147864,4.530000,0.471137,1.275786,4.319900,-0.054261,-0.810052,707.000000,0.030237,0.134742,522.800000,-0.227912,-1.736288,1288.700000,-0.174439,-1.738635,1818.299976,-0.040500,-0.992472,24.146799,-0.134585,-0.996896,-0.165834,stagnating,0.113071,stagnating,0.355486,getting better,-0.903474,lowering,-1.113394,lowering,-0.002212,stagnating
2021-09-06,4199.149902,0.023520,-0.050695,72.164999,-0.000872,-0.184559,68.877501,-0.017271,-0.269131,4.862750,0.541577,1.492047,4.310250,-0.049182,-0.760606,690.875000,0.012494,0.006480,498.187500,-0.274519,-2.086132,1268.375000,-0.182248,-1.816644,1796.024994,-0.051198,-1.118187,24.083499,-0.138934,-1.019763,-0.249092,stagnating,-0.050695,stagnating,0.346119,stagnating,-0.890184,lowering,-1.298765,lowering,0.049212,stagnating
2021-09-13,4165.569922,0.007663,-0.303566,74.715999,0.015632,-0.093475,71.620000,0.000755,-0.172699,5.278200,0.617988,1.726642,4.321800,-0.000116,-0.282951,698.700000,0.058476,0.338878,518.000000,-0.212287,-1.619003,1284.700000,-0.096840,-0.963353,1780.880005,-0.024443,-0.803772,23.280200,-0.139714,-1.023865,-0.152800,stagnating,-0.303566,stagnating,0.486823,getting better,-0.653408,lowering,-0.747826,lowering,-0.110046,stagnating
2021-09-20,4128.951855,0.004392,-0.355734,75.962000,0.008417,-0.133296,72.072002,-0.018494,-0.275671,4.942200,0.480055,1.303165,4.203200,-0.016266,-0.440174,707.650000,0.084687,0.528354,524.050000,-0.199435,-1.522531,1277.700000,-0.073526,-0.730429,1764.460010,-0.008530,-0.616774,22.527000,-0.134243,-0.995095,-0.217940,stagnating,-0.355734,lowering,0.298066,stagnating,-0.717634,lowering,-0.574869,lowering,-0.189160,stagnating
2021-09-27,4077.580029,-0.001812,-0.454672,79.011998,0.049073,0.091079,75.295999,0.018201,-0.079363,5.702000,0.561507,1.553237,4.204400,-0.016515,-0.442594,723.950000,0.109842,0.710193,537.850000,-0.233177,-1.775803,1270.150000,-0.101129,-1.006201,1745.560010,-0.016697,-0.712746,22.215400,-0.150859,-1.082470,-0.206272,stagnating,-0.454672,lowering,0.521651,getting better,-0.762532,lowering,-0.690604,lowering,-0.184862,stagnating
2021-10-04,4049.223926,-0.001588,-0.451091,81.848000,0.099997,0.372113,78.326001,0.069042,0.192615,5.799000,0.589311,1.638600,4.227900,-0.017396,-0.451173,744.500000,0.212788,1.454365,535.000000,-0.169335,-1.296598,1243.700000,-0.102750,-1.022404,1761.380005,-0.022420,-0.779997,22.603400,-0.134318,-0.995488,-0.072703,stagnating,-0.451091,lowering,0.734443,getting better,-0.723330,lowering,-0.288212,stagnating,-0.107745,stagnating
2021-10-11,4108.572070,0.008011,-0.298017,83.822000,0.122205,0.494678,81.037999,0.107258,0.397062,5.507400,0.497146,1.355635,4.517900,0.046779,0.173571,728.650000,0.113038,0.733292,522.050000,-0.171218,-1.310727,1209.150000,-0.165009,-1.644420,1775.180005,-0.022994,-0.786754,23.012799,-0.119835,-0.919331,0.018810,stagnating,-0.298017,stagnating,0.749125,getting better,-0.372880,lowering,-0.740618,lowering,-0.066289,stagnating
2021-10-18,4166.987988,0.037612,0.174035,85.074001,0.187886,0.857153,83.106001,0.193640,0.859179,5.128400,0.303146,0.760023,4.662600,0.083268,0.528782,743.750000,0.066997,0.400472,534.500000,-0.049355,-0.396002,1227.900000,-0.138678,-1.381353,1779.860010,-0.014605,-0.688165,24.021600,-0.046187,-0.532057,0.322358,stagnating,0.174035,stagnating,0.825452,getting better,-0.001638,stagnating,-0.458961,lowering,0.078054,stagnating
2021-10-25,4223.518066,0.031308,0.073496,85.134000,0.131800,0.547629,83.490001,0.148355,0.616918,5.838000,0.452962,1.219983,4.447600,-0.016649,-0.443899,763.350000,0.106545,0.686358,553.950000,0.006176,0.020825,1236.800000,-0.130484,-1.299481,1797.100024,-0.006304,-0.590612,24.181800,-0.040976,-0.504656,0.145948,stagnating,0.073496,stagnating,0.794843,getting better,-0.474278,lowering,-0.197433,stagnating,0.042978,stagnating
2021-11-01,4316.536035,0.041882,0.242128,82.939999,0.159449,0.700215,81.780000,0.177233,0.771404,5.526000,0.354412,0.917418,4.355400,-0.002702,-0.308128,782.000000,0.085207,0.532109,565.650000,0.022598,0.144093,1222.750000,-0.131477,-1.309406,1791.880029,-0.007027,-0.599109,23.769600,-0.057943,-0.593879,0.231149,stagnating,0.242128,stagnating,0.796346,getting better,-0.451004,lowering,-0.211068,stagnating,0.002615,stagnating
2021-11-08,4354.861914,0.035524,0.140739,83.178000,0.178125,0.803287,81.959999,0.199824,0.892262,5.045200,0.261174,0.631162,4.394600,0.010462,-0.179978,795.800000,0.080956,0.501383,564.450000,0.011197,0.058514,1205.450000,-0.152583,-1.520276,1847.900024,0.056970,0.152938,24.852400,0.062259,0.038197,0.184060,stagnating,0.140739,stagnating,0.775570,getting better,-0.070890,stagnating,-0.320126,stagnating,-0.057370,stagnating
2021-11-15,4385.732129,0.051206,0.390826,80.978000,0.196483,0.904602,79.022000,0.214415,0.970319,4.995400,0.293073,0.729098,4.351400,0.045457,0.160695,820.350000,0.116426,0.757788,573.300000,0.033532,0.226165,1262.800000,-0.060417,-0.599454,1860.779980,0.041975,-0.023269,24.979800,0.066009,0.057918,0.428607,getting better,0.390826,getting better,0.868006,getting better,0.109307,stagnating,0.128166,stagnating,0.040593,stagnating
2021-11-22,4256.316016,0.018429,-0.131873,79.244999,0.113555,0.446936,75.447500,0.117079,0.449600,5.067750,0.248706,0.592885,4.389625,0.029607,0.006395,841.000000,0.170413,1.148045,580.937500,0.058367,0.412582,1266.625000,-0.055286,-0.548197,1789.975037,-0.007829,-0.608542,23.583750,-0.008386,-0.333286,0.165748,stagnating,-0.131873,stagnating,0.496474,getting better,-0.163446,stagnating,0.337477,stagnating,0.137628,stagnating
2021-11-29,4107.977930,-0.024537,-0.817067,70.486000,-0.030801,-0.349726,66.892000,-0.032178,-0.348876,4.373400,-0.034569,-0.276821,4.285600,-0.007940,-0.359121,792.150000,0.120438,0.786792,576.600000,0.102907,0.746914,1239.700000,-0.038023,-0.375721,1777.360010,-0.022516,-0.781125,22.517600,-0.067471,-0.643978,-0.348555,stagnating,-0.817067,lowering,-0.325141,stagnating,-0.501550,lowering,0.385995,getting better,0.068573,stagnating
2021-12-06,4210.771973,0.002768,-0.381632,74.782001,0.036264,0.020388,71.302000,0.035200,0.011575,3.783800,-0.221881,-0.851898,4.335800,0.005928,-0.224119,788.600000,0.141451,0.938688,586.300000,0.176866,1.302064,1261.000000,-0.005815,-0.053934,1782.239990,-0.007675,-0.606732,22.247800,-0.076222,-0.689998,-0.096493,stagnating,-0.381632,lowering,-0.273312,stagnating,-0.457059,lowering,0.728939,getting better,-0.041633,stagnating
2021-12-13,4170.090039,0.001085,-0.408464,74.101997,-0.008218,-0.225097,71.226001,-0.005501,-0.206165,3.759800,-0.287674,-1.053894,4.261000,-0.014068,-0.418778,774.500000,0.108487,0.700399,588.650000,0.136390,0.998241,1265.700000,-0.014789,-0.143601,1785.640015,0.002673,-0.485127,22.129400,-0.049433,-0.549126,-0.234066,stagnating,-0.408464,lowering,-0.495052,lowering,-0.483952,lowering,0.518346,getting better,-0.032000,stagnating
2021-12-20,4191.260010,0.015091,-0.185118,74.410000,-0.020431,-0.292500,71.475002,-0.008283,-0.221049,3.852500,-0.220489,-0.847625,4.350625,0.035074,0.059624,801.375000,0.132445,0.873588,599.375000,0.143736,1.053384,1315.250000,0.029389,0.297775,1799.299957,0.019745,-0.284500,22.625000,0.004350,-0.266312,-0.041342,stagnating,-0.185118,stagnating,-0.453725,lowering,-0.103344,stagnating,0.741582,getting better,0.009094,stagnating
2021-12-27,4297.702515,0.053984,0.435113,78.774001,-0.003012,-0.196369,76.062000,0.010173,-0.122312,3.886000,-0.318485,-1.148489,4.425300,0.052540,0.229652,785.150000,0.084536,0.527262,602.850000,0.120852,0.881606,1346.950000,0.060465,0.608255,1813.640015,0.039002,-0.058210,23.058800,0.037965,-0.089553,0.181957,stagnating,0.435113,getting better,-0.489057,lowering,0.070050,stagnating,0.672374,getting better,-0.015671,stagnating
2022-01-03,4344.445996,0.072908,0.736907,80.704001,-0.013977,-0.256882,77.856000,-0.006001,-0.208836,3.828400,-0.339817,-1.213984,4.407200,0.042409,0.131023,758.650000,0.019006,0.053558,602.300000,0.125794,0.918708,1377.150000,0.107301,1.076180,1805.279980,0.024924,-0.223648,22.709200,0.004681,-0.264575,0.252982,stagnating,0.736907,getting better,-0.559901,lowering,-0.066776,stagnating,0.682815,getting better,-0.020463,stagnating
2022-01-10,4285.108008,0.042968,0.259441,83.958000,0.001622,-0.170791,81.606001,0.007009,-0.139239,4.343400,-0.211352,-0.819573,4.454900,-0.013945,-0.417574,755.650000,0.037055,0.184029,596.700000,0.142994,1.047812,1372.950000,0.135467,1.357584,1816.500024,0.023277,-0.243004,22.903600,-0.004745,-0.314140,0.069737,stagnating,0.259441,stagnating,-0.376534,lowering,-0.365857,lowering,0.863142,getting better,-0.035568,stagnating
2022-01-17,4271.481934,0.025077,-0.025870,88.055000,0.035040,0.013633,86.107500,0.036117,0.016477,4.028750,-0.214424,-0.829004,4.481875,-0.038761,-0.659158,783.937500,0.054034,0.306765,609.312500,0.139967,1.025093,1398.125000,0.138631,1.389194,1832.500000,0.029575,-0.168984,24.184500,0.006781,-0.253529,-0.028787,stagnating,-0.025870,stagnating,-0.266298,stagnating,-0.456344,lowering,0.907017,getting better,-0.042273,stagnating
2022-01-24,4123.820117,-0.023605,-0.802207,88.759998,0.042592,0.055308,85.937999,0.029321,-0.019878,4.652200,-0.203118,-0.794292,4.413300,-0.007712,-0.356901,795.350000,0.041920,0.219201,625.850000,0.129795,0.948739,1433.700000,0.159201,1.594707,1820.379980,0.012954,-0.364306,23.294600,-0.036689,-0.482113,-0.243176,stagnating,-0.802207,lowering,-0.252954,stagnating,-0.419507,lowering,0.920882,getting better,-0.058903,stagnating
2022-01-31,4169.740039,-0.034008,-0.968095,90.844000,0.095298,0.346182,89.437999,0.093641,0.324217,4.917200,-0.110170,-0.508928,4.437600,0.018873,-0.098096,760.050000,-0.028069,-0.286739,624.100000,0.103332,0.750104,1532.400000,0.253241,2.534238,1803.740015,0.006619,-0.438757,22.510400,-0.052975,-0.567755,-0.169466,stagnating,-0.968095,lowering,0.053824,stagnating,-0.332925,stagnating,0.999201,getting better,-0.064499,stagnating
2022-02-07,4161.239941,-0.044461,-1.134794,92.174002,0.108154,0.417130,90.664000,0.106198,0.391392,4.077800,-0.191747,-0.759381,4.536800,0.032358,0.033178,780.350000,-0.019414,-0.224176,641.400000,0.136327,0.997771,1580.550000,0.311170,3.113001,1833.160010,-0.007977,-0.610273,23.298400,-0.062529,-0.617994,-0.159520,stagnating,-1.134794,lowering,0.016380,stagnating,-0.292408,stagnating,1.295532,getting better,-0.003861,stagnating
2022-02-14,4106.570020,-0.063652,-1.440838,94.216000,0.163477,0.722444,92.804001,0.174407,0.756288,4.427000,-0.113785,-0.520025,4.524800,0.039849,0.106106,790.900000,-0.035899,-0.343342,649.000000,0.132043,0.965608,1580.450000,0.251544,2.517289,1879.780005,0.010211,-0.396545,23.729800,-0.050040,-0.552322,-0.218162,stagnating,-1.440838,lowering,0.319569,stagnating,-0.223108,stagnating,1.046518,getting better,-0.077888,stagnating
2022-02-21,3948.913965,-0.072223,-1.577509,97.672499,0.232538,1.103580,92.212498,0.222207,1.012005,4.539750,-0.104188,-0.490562,4.479375,0.020446,-0.082784,872.312500,0.037232,0.185313,678.250000,0.167509,1.231830,1640.437500,0.295125,2.952696,1907.925018,0.065895,0.257821,24.387250,0.034070,-0.110033,-0.178491,stagnating,-1.577509,lowering,0.541674,getting better,-0.096409,stagnating,1.456613,getting better,-0.183927,stagnating
2022-02-28,3761.692041,-0.084296,-1.770044,109.492000,0.553386,2.874267,106.616000,0.593853,3.000192,4.695000,0.073535,0.055080,4.677400,0.091422,0.608170,1125.050000,0.420249,2.954059,736.800000,0.277836,2.059962,1676.750000,0.352545,3.526370,1933.860010,0.088052,0.518199,25.213000,0.119702,0.340257,0.509212,getting better,-1.770044,lowering,1.976513,getting better,0.474213,getting better,2.846797,getting better,-0.088971,stagnating
2022-03-07,3624.339990,-0.139269,-2.646712,116.866000,0.562756,2.925974,113.429999,0.590839,2.984069,4.648400,0.228500,0.530849,4.649200,0.072282,0.421838,1212.300000,0.537281,3.800064,752.200000,0.282961,2.098434,1691.200000,0.341158,3.412603,2002.560010,0.123620,0.936171,26.133200,0.174642,0.629155,0.246839,stagnating,-2.646712,lowering,2.146964,getting better,0.525497,getting better,3.103700,getting better,-0.153508,stagnating
2022-03-14,3831.332031,-0.081235,-1.721234,103.880000,0.401852,2.037981,100.434001,0.410075,2.017038,4.765400,0.267461,0.650464,4.604600,0.080638,0.503186,1095.050000,0.413880,2.908021,742.500000,0.261361,1.936298,1666.350000,0.316544,3.166693,1934.439990,0.083331,0.462726,25.135200,0.135828,0.425056,0.349154,stagnating,-1.721234,lowering,1.568494,getting better,0.464121,getting better,2.670337,getting better,-0.018835,stagnating
2022-03-21,3881.652002,-0.073870,-1.603779,118.476001,0.592205,3.088499,113.010001,0.581112,2.932034,5.258200,0.364880,0.949557,4.713600,0.083431,0.530368,1106.250000,0.380440,2.666289,753.850000,0.257727,1.909021,1703.450000,0.295153,2.952977,1940.939990,0.078720,0.408530,25.366400,0.121167,0.347960,0.588883,getting better,-1.603779,lowering,2.323363,getting better,0.439164,getting better,2.509429,getting better,-0.030285,stagnating
2022-03-28,3933.923975,-0.084645,-1.775609,109.692001,0.392490,1.986316,103.513998,0.360916,1.754053,5.562200,0.431343,1.153611,4.719100,0.066391,0.364489,1017.800000,0.296313,2.058152,739.300000,0.226342,1.673437,1634.450000,0.213445,2.136649,1931.679980,0.065085,0.248300,24.951600,0.082086,0.142455,0.203201,stagnating,-1.775609,lowering,1.631327,getting better,0.253472,stagnating,1.956079,getting better,-0.052922,stagnating
2022-04-04,3870.808057,-0.109021,-2.164344,103.720000,0.285190,1.394154,99.152000,0.273531,1.286568,6.082000,0.588653,1.636579,4.743200,0.076239,0.460358,1033.050000,0.361695,2.530787,758.650000,0.259588,1.922993,1637.450000,0.189014,1.892557,1933.600000,0.071080,0.318759,24.623800,0.084309,0.154148,0.033879,stagnating,-2.164344,lowering,1.439100,getting better,0.307253,stagnating,2.115446,getting better,-0.082306,stagnating
2022-04-11,3836.932495,-0.104589,-2.093660,105.900000,0.261345,1.262557,101.522499,0.244057,1.128892,6.905000,0.589768,1.640003,4.689125,0.052577,0.230010,1098.750000,0.454046,3.198374,778.625000,0.304885,2.263002,1670.937500,0.217042,2.172582,1970.974976,0.085040,0.482803,25.603251,0.117870,0.330624,0.061621,stagnating,-2.093660,lowering,1.343817,getting better,0.280317,stagnating,2.544653,getting better,-0.076090,stagnating
2022-04-18,3873.902527,-0.093078,-1.910086,108.438002,0.231480,1.097741,103.875999,0.206353,0.927186,7.084800,0.758560,2.158223,4.689100,0.046236,0.168283,1088.200000,0.388121,2.721814,805.050000,0.321243,2.385789,1728.450000,0.236263,2.364616,1956.700000,0.067776,0.279931,25.135800,0.039335,-0.082347,0.103360,stagnating,-1.910086,lowering,1.394383,getting better,0.042968,stagnating,2.490740,getting better,-0.181139,stagnating
2022-04-25,3758.694043,-0.088541,-1.837736,105.911998,0.193240,0.886703,102.462000,0.192278,0.851893,6.983600,0.501139,1.367897,4.430400,0.003875,-0.244105,1068.600000,0.343559,2.399688,810.650000,0.295278,2.190891,1710.000000,0.192718,1.929569,1898.359985,0.042837,-0.013138,23.367400,0.003125,-0.272754,-0.066881,stagnating,-1.837736,lowering,1.035498,getting better,-0.258429,stagnating,2.173383,getting better,-0.129808,stagnating
2022-05-02,3708.883936,-0.110524,-2.188304,109.196001,0.202017,0.935138,106.684000,0.192826,0.854825,8.134000,0.654193,1.837799,4.280300,-0.035447,-0.626901,1067.250000,0.404184,2.837930,801.650000,0.284490,2.109909,1667.350000,0.088064,0.883994,1872.300000,0.038010,-0.069866,22.450400,-0.002665,-0.303204,-0.240261,stagnating,-2.188304,lowering,1.209254,getting better,-0.465052,lowering,1.943944,getting better,-0.116669,stagnating
2022-05-09,3609.276025,-0.132644,-2.541056,106.982001,0.160653,0.706860,105.035999,0.158519,0.671294,7.490600,0.836922,2.398807,4.169100,-0.081048,-1.070827,1123.400000,0.439610,3.094021,796.250000,0.241425,1.786656,1656.950000,0.048338,0.487090,1837.219971,0.002215,-0.490510,21.292599,-0.086092,-0.741896,-0.450148,getting worse,-2.541056,lowering,1.258987,getting better,-0.906362,lowering,1.789256,getting better,-0.125693,stagnating
2022-05-16,3681.590039,-0.103488,-2.076099,111.974001,0.188482,0.860442,112.325999,0.210357,0.948611,8.203800,0.853128,2.448564,4.236800,-0.063649,-0.901448,1225.000000,0.548868,3.883825,790.750000,0.218413,1.613923,1678.600000,0.062103,0.624613,1826.419995,-0.028386,-0.850115,21.674400,-0.086617,-0.744657,-0.156257,stagnating,-2.076099,lowering,1.419206,getting better,-0.823052,lowering,2.040787,getting better,0.052729,stagnating
2022-05-23,3710.477539,-0.060380,-1.388658,115.567999,0.183219,0.831401,111.909999,0.213610,0.966011,8.829200,0.944865,2.730210,4.301800,-0.039643,-0.667747,1158.750000,0.328366,2.289856,774.500000,0.141909,1.039670,1703.950000,0.038717,0.390970,1851.680029,-0.029480,-0.862964,21.929400,-0.100784,-0.819155,0.002353,stagnating,-1.388658,lowering,1.509207,getting better,-0.743451,lowering,1.240165,getting better,0.021904,stagnating
2022-05-30,3793.831982,0.008544,-0.289517,119.115000,0.087888,0.305287,116.417501,0.091933,0.315076,8.462250,0.802396,2.292807,4.414125,-0.056287,-0.829773,1056.750000,-0.060708,-0.522682,735.500000,-0.001764,-0.038775,1700.125000,0.013941,0.143436,1853.249969,-0.041683,-1.006376,21.919750,-0.130617,-0.976030,-0.017151,stagnating,-0.289517,stagnating,0.971057,getting better,-0.902902,lowering,-0.139340,stagnating,0.015173,stagnating
2022-06-06,3729.829956,0.029106,0.038387,121.748001,0.041774,0.050798,120.440001,0.061800,0.153877,9.025400,0.941614,2.720230,4.405500,-0.052418,-0.792109,1076.300000,-0.112183,-0.894785,762.050000,0.013095,0.072762,1736.400000,0.026727,0.271178,1856.119995,-0.073126,-1.375875,22.003400,-0.158029,-1.120172,0.091662,stagnating,0.038387,stagnating,0.974968,getting better,-0.956140,lowering,-0.183615,stagnating,0.127852,stagnating
2022-06-13,3475.273975,-0.092933,-1.907784,118.975999,0.145322,0.622251,116.463998,0.159607,0.677114,7.525200,0.579133,1.607351,4.135000,-0.101985,-1.274645,1056.750000,-0.034976,-0.336665,776.850000,0.046263,0.321726,1702.250000,0.021544,0.219401,1831.080005,-0.053431,-1.144432,21.402800,-0.148493,-1.070028,-0.599081,getting worse,-1.907784,lowering,0.968905,getting better,-1.172337,lowering,0.068154,stagnating,0.037202,stagnating
2022-06-20,3479.585986,-0.103581,-2.077587,112.390001,-0.051369,-0.463239,107.182501,-0.051566,-0.452598,6.531250,0.242108,0.572625,3.878250,-0.177221,-2.007067,953.187500,-0.138362,-1.084021,756.437500,0.003432,0.000233,1634.437500,-0.040513,-0.400604,1834.325043,-0.054930,-1.162036,21.327250,-0.159232,-1.126501,-1.161107,getting worse,-2.077587,lowering,-0.114404,stagnating,-1.566784,lowering,-0.494797,lowering,0.017768,stagnating
2022-06-27,3501.132031,-0.110015,-2.180193,115.153999,0.049794,0.095056,109.060001,0.053577,0.109887,6.140800,0.104024,0.148684,3.735100,-0.208514,-2.311705,888.150000,-0.127383,-1.004656,754.450000,0.020492,0.128289,1653.900000,0.011900,0.123049,1814.460010,-0.060683,-1.229646,20.500600,-0.178385,-1.227216,-1.125406,getting worse,-2.180193,lowering,0.117876,stagnating,-1.769461,lowering,-0.251106,stagnating,0.001215,stagnating
2022-07-04,3445.828027,-0.109791,-2.176617,103.782499,0.000603,-0.176420,101.387501,0.022546,-0.056120,5.841000,-0.039625,-0.292342,3.489250,-0.264368,-2.855437,822.437500,-0.203874,-1.557600,751.375000,-0.009589,-0.097511,1594.250000,-0.026382,-0.259425,1745.600006,-0.097228,-1.659102,19.106500,-0.224064,-1.467412,-1.339097,abnormally getting worse,-2.176617,lowering,-0.174961,stagnating,-2.161424,lowering,-0.638179,lowering,0.095845,stagnating
2022-07-11,3457.304004,-0.098941,-2.003584,101.284000,-0.043588,-0.420299,97.919998,-0.035485,-0.366568,6.578800,-0.047241,-0.315725,3.300900,-0.296052,-3.163881,802.900000,-0.269261,-2.030263,710.650000,-0.087301,-0.680833,1579.600000,-0.054662,-0.541965,1720.280005,-0.127193,-2.011238,18.764200,-0.267116,-1.693802,-1.445720,abnormally getting worse,-2.003584,lowering,-0.367531,lowering,-2.428841,lowering,-1.084354,lowering,0.158718,stagnating
2022-07-18,3575.508008,-0.077027,-1.654123,105.519998,-0.026909,-0.328252,100.025999,-0.037063,-0.375013,7.796200,0.100412,0.137596,3.323900,-0.291143,-3.116094,801.950000,-0.263049,-1.985362,588.250000,-0.269300,-2.046954,1455.300000,-0.158032,-1.574709,1712.379980,-0.124863,-1.983857,18.674400,-0.257060,-1.640919,-1.390947,abnormally getting worse,-1.654123,lowering,-0.188556,stagnating,-2.378506,lowering,-1.869008,lowering,0.171469,stagnating
2022-07-25,3629.520020,-0.034367,-0.973818,106.664001,0.007100,-0.140560,96.796001,-0.055299,-0.472565,8.554000,0.224870,0.519702,3.444400,-0.222553,-2.448373,797.750000,-0.253462,-1.916062,601.700000,-0.257756,-1.960303,1566.150000,-0.084123,-0.836298,1733.819995,-0.086675,-1.535088,19.063400,-0.184188,-1.257730,-0.969414,getting worse,-0.973818,lowering,-0.031141,stagnating,-1.853052,lowering,-1.570888,lowering,0.138679,stagnating
2022-08-01,3724.289978,0.004154,-0.359527,97.278000,-0.109143,-0.782081,91.304001,-0.144164,-0.947968,8.088200,-0.005631,-0.187974,3.516400,-0.178469,-2.019212,779.400000,-0.269712,-2.033526,600.450000,-0.250982,-1.909458,1590.250000,-0.046241,-0.457828,1790.379980,-0.043754,-1.030704,20.042000,-0.107276,-0.853294,-0.847967,getting worse,-0.359527,lowering,-0.639341,lowering,-1.436253,lowering,-1.466937,lowering,0.088705,stagnating
2022-08-08,3751.160059,0.039311,0.201127,97.622000,-0.087491,-0.662590,91.923999,-0.124833,-0.844555,8.253200,0.101808,0.141880,3.644400,-0.125854,-1.507014,795.550000,-0.291837,-2.193466,622.850000,-0.217771,-1.660165,1676.050000,0.011527,0.119324,1810.779980,-0.014391,-0.685654,20.554200,-0.034679,-0.471544,-0.498526,getting worse,0.201127,stagnating,-0.455088,lowering,-0.989279,lowering,-1.244769,lowering,0.107055,stagnating
2022-08-15,3771.720020,0.024481,-0.035364,94.879999,-0.152660,-1.022243,89.064000,-0.207094,-1.284621,9.165000,0.117165,0.189031,3.638700,-0.141168,-1.656089,766.950000,-0.373918,-2.786813,619.700000,-0.216314,-1.649227,1481.550000,-0.117389,-1.168659,1779.719971,-0.025569,-0.817010,19.706600,-0.090789,-0.766597,-0.780313,getting worse,-0.035364,stagnating,-0.705944,lowering,-1.211343,lowering,-1.868233,lowering,0.025207,stagnating
2022-08-22,3651.283984,-0.015953,-0.680174,99.650000,-0.137737,-0.939884,92.887999,-0.169976,-1.086053,9.374800,0.061795,0.019034,3.691500,-0.141871,-1.662932,780.550000,-0.326386,-2.443213,657.100000,-0.151582,-1.163335,1562.450000,-0.083042,-0.825503,1758.460010,-0.050343,-1.108143,18.926200,-0.136949,-1.009323,-0.924363,getting worse,-0.680174,lowering,-0.668968,lowering,-1.336127,lowering,-1.477350,lowering,0.049410,stagnating
2022-08-29,3530.151953,-0.069502,-1.534128,97.253998,-0.183529,-1.192597,90.336002,-0.224034,-1.375248,9.114000,0.077019,0.065773,3.505200,-0.205913,-2.286379,799.150000,-0.243766,-1.845970,672.900000,-0.085112,-0.664401,1507.700000,-0.113183,-1.126632,1728.819995,-0.067141,-1.305544,17.960600,-0.180620,-1.238968,-1.324160,abnormally getting worse,-1.534128,lowering,-0.834024,lowering,-1.762674,lowering,-1.212334,lowering,0.033288,stagnating
2022-09-05,3514.931982,-0.057616,-1.344577,90.705000,-0.254978,-1.586907,84.787500,-0.296019,-1.760343,7.974500,-0.116438,-0.528171,3.506000,-0.204177,-2.269477,822.562500,-0.235750,-1.788021,682.625000,-0.104225,-0.807869,1479.125000,-0.148166,-1.476139,1722.375000,-0.072056,-1.363299,18.230000,-0.171492,-1.190966,-1.392715,abnormally getting worse,-1.344577,lowering,-1.291807,lowering,-1.730222,lowering,-1.357343,lowering,0.086167,stagnating
2022-09-12,3568.489990,0.026823,0.001974,92.691998,-0.220919,-1.398943,86.756000,-0.255083,-1.541350,8.347000,0.109206,0.164596,3.567300,-0.137291,-1.618352,848.500000,-0.197066,-1.508387,697.000000,-0.102787,-0.797071,1497.550000,-0.120253,-1.197264,1705.580005,-0.068539,-1.321964,19.417400,-0.092764,-0.776979,-0.690786,getting worse,0.001974,stagnating,-0.925232,lowering,-1.197666,lowering,-1.167574,lowering,0.272492,stagnating
2022-09-19,3446.838037,-0.009411,-0.575854,89.812001,-0.200890,-1.288409,83.070000,-0.224967,-1.380237,7.433000,0.138067,0.253203,3.497500,-0.098176,-1.237562,883.850000,-0.072743,-0.609676,684.150000,-0.095563,-0.742848,1456.800000,-0.108684,-1.081686,1672.339966,-0.088308,-1.554277,19.235000,-0.098102,-0.805052,-0.728600,getting worse,-0.575854,lowering,-0.805148,lowering,-1.021307,lowering,-0.811403,lowering,0.374612,getting better
2022-09-26,3320.750000,-0.051521,-1.247380,87.219998,-0.242580,-1.518485,79.616000,-0.269980,-1.621043,6.812400,0.109367,0.165088,3.380100,-0.095044,-1.207078,890.100000,0.002196,-0.067962,670.250000,-0.111604,-0.863258,1400.700000,-0.153093,-1.525363,1656.039990,-0.087310,-1.542549,18.606000,-0.092417,-0.775156,-1.007371,getting worse,-1.247380,lowering,-0.991480,lowering,-0.991117,lowering,-0.818861,lowering,0.383696,getting better
2022-10-03,3416.655957,-0.008466,-0.560775,93.274001,-0.101255,-0.738548,87.799998,-0.134016,-0.893677,6.791400,0.162712,0.328867,3.479200,-0.002880,-0.309864,895.250000,0.088533,0.556151,681.300000,-0.093262,-0.725578,1370.450000,-0.140379,-1.398348,1716.680029,-0.016567,-0.711226,20.564400,0.076304,0.112051,-0.425086,getting worse,-0.560775,lowering,-0.434453,lowering,-0.098906,stagnating,-0.522592,lowering,0.411639,getting better
2022-10-10,3354.577979,-0.029713,-0.899601,93.825999,-0.073635,-0.586117,88.493999,-0.096262,-0.691708,6.532000,-0.007114,-0.192527,3.458800,0.047835,0.183851,894.650000,0.114273,0.742225,694.350000,-0.022937,-0.197699,1385.150000,-0.123101,-1.225720,1672.919995,-0.027530,-0.840057,18.946800,0.009731,-0.238017,-0.422387,getting worse,-0.899601,lowering,-0.490117,lowering,-0.027083,stagnating,-0.227065,stagnating,0.301020,stagnating
2022-10-17,3469.237988,-0.029722,-0.899743,91.988000,-0.128241,-0.887478,84.972002,-0.150501,-0.981868,5.504600,-0.293938,-1.073127,3.439300,0.034718,0.056156,850.350000,0.060353,0.352446,682.200000,0.159711,1.173294,1383.350000,-0.049440,-0.489788,1649.420020,-0.036768,-0.948607,18.658000,-0.000878,-0.293806,-0.478700,getting worse,-0.899743,lowering,-0.980824,lowering,-0.118825,stagnating,0.345317,stagnating,0.327400,stagnating
2022-10-24,3587.242041,-0.011648,-0.611526,95.039999,-0.108978,-0.781168,86.958002,-0.101636,-0.720458,5.457600,-0.361983,-1.282035,3.530200,0.024910,-0.039327,836.350000,0.048386,0.265940,683.150000,0.135366,0.990558,1381.150000,-0.118124,-1.175998,1658.339990,-0.043534,-1.028122,19.323600,0.013649,-0.217415,-0.417985,getting worse,-0.611526,lowering,-0.927887,lowering,-0.128371,stagnating,0.026833,stagnating,0.405353,getting better
2022-10-31,3634.416016,-0.024132,-0.810601,95.776001,-0.015440,-0.264956,89.136000,-0.023745,-0.303763,6.142400,-0.240573,-0.909286,3.519900,0.000995,-0.272135,863.800000,0.108288,0.698962,687.400000,0.144808,1.061429,1432.200000,-0.099387,-0.988799,1649.579980,-0.078643,-1.440697,19.724800,-0.015827,-0.372412,-0.351249,getting worse,-0.810601,lowering,-0.492668,lowering,-0.322273,stagnating,0.257197,stagnating,0.534142,getting better
2022-11-07,3778.234033,0.007217,-0.310671,95.117999,-0.025650,-0.321301,88.392001,-0.038423,-0.382286,6.213000,-0.247201,-0.929636,3.764700,0.033010,0.039522,819.450000,0.030042,0.133335,663.800000,0.065746,0.467974,1445.950000,-0.137287,-1.367452,1726.659985,-0.046455,-1.062450,21.399200,0.041111,-0.073009,-0.232561,stagnating,-0.310671,stagnating,-0.544408,lowering,-0.016744,stagnating,-0.255381,stagnating,0.494720,getting better
2022-11-14,3897.728027,0.033409,0.107002,91.452000,-0.036130,-0.379137,84.020000,-0.056633,-0.479706,6.167800,-0.327027,-1.174715,3.760800,0.033556,0.044841,814.850000,0.062455,0.367643,664.900000,0.072939,0.521961,1434.700000,-0.031622,-0.311775,1769.380029,-0.005810,-0.584810,21.405200,0.086194,0.164060,-0.062236,stagnating,0.107002,stagnating,-0.677853,lowering,0.104451,stagnating,0.192610,stagnating,0.374435,getting better
2022-11-21,3942.003955,0.079621,0.843960,86.212500,-0.134847,-0.923934,78.725000,-0.152474,-0.992423,6.971750,-0.256331,-0.957666,3.607500,-0.022755,-0.503344,789.937500,0.012027,0.003106,661.875000,0.007267,0.029015,1434.687500,-0.081771,-0.812798,1744.774994,-0.007782,-0.607990,21.166250,0.118357,0.333185,-0.050471,stagnating,0.843960,getting better,-0.958008,lowering,-0.085080,stagnating,-0.260226,stagnating,0.470588,getting better
2022-11-28,3959.413965,0.121599,1.513378,84.820000,-0.127851,-0.885324,79.438000,-0.120639,-0.822114,6.779200,-0.256177,-0.957195,3.726400,0.063106,0.332512,756.400000,-0.053494,-0.470533,656.300000,-0.024669,-0.210704,1450.900000,-0.037673,-0.372229,1771.900000,0.024919,-0.223706,21.867800,0.217543,0.854747,0.312537,stagnating,1.513378,getting better,-0.888211,lowering,0.593630,getting better,-0.351155,lowering,0.539227,getting better
2022-12-05,3936.102002,0.119823,1.485061,78.289999,-0.136872,-0.935112,73.134000,-0.137444,-0.912016,5.795200,-0.273284,-1.009714,3.842600,0.096007,0.652798,717.000000,-0.128334,-1.011532,629.750000,-0.077458,-0.606950,1466.950000,-0.008231,-0.078079,1794.780005,0.042038,-0.022532,22.725999,0.246626,1.007681,0.294476,stagnating,1.485061,getting better,-0.952281,lowering,0.830240,getting better,-0.565520,lowering,0.515107,getting better
2022-12-12,3904.726025,0.094224,1.076824,80.323999,-0.133431,-0.916121,75.248000,-0.132648,-0.886360,6.704400,-0.196789,-0.774863,3.807500,0.067334,0.373668,740.150000,-0.127696,-1.006921,646.100000,-0.073027,-0.573689,1475.200000,-0.014924,-0.144949,1804.900000,0.058232,0.167777,23.449200,0.207639,0.802665,0.114587,stagnating,1.076824,getting better,-0.859115,lowering,0.588167,getting better,-0.575186,lowering,0.317444,stagnating
2022-12-19,3825.235986,0.109781,1.324922,81.378000,-0.093907,-0.697998,77.323999,-0.069171,-0.546776,5.317400,-0.284623,-1.044527,3.788200,0.083116,0.527311,761.000000,-0.138994,-1.088594,657.650000,-0.038734,-0.316278,1473.400000,0.011395,0.118001,1809.600000,0.082077,0.447980,23.679600,0.231068,0.925870,0.272843,stagnating,1.324922,getting better,-0.763100,lowering,0.726590,getting better,-0.428957,lowering,0.238945,stagnating
2022-12-26,3821.350037,0.150749,1.978241,83.940002,-0.037606,-0.387284,79.287500,-0.004126,-0.198808,4.756250,-0.301825,-1.097340,3.823000,0.131032,0.993764,781.500000,-0.122009,-0.965810,678.875000,0.012868,0.071061,1504.187500,0.073883,0.742306,1822.774994,0.100683,0.666631,23.910750,0.285110,1.210042,0.692449,getting better,1.978241,getting better,-0.561144,lowering,1.101903,getting better,-0.050814,stagnating,0.271706,stagnating
2023-01-02,3958.392517,0.158558,2.102763,79.299999,-0.149817,-1.006549,74.302498,-0.153730,-0.999143,3.897500,-0.426112,-1.478925,3.808000,0.094505,0.638173,752.812500,-0.159104,-1.233961,657.750000,-0.034566,-0.284993,1483.437500,0.082446,0.827856,1853.849976,0.079904,0.422451,23.732750,0.154070,0.520977,0.480460,getting better,2.102763,getting better,-1.161539,lowering,0.579575,getting better,-0.230366,stagnating,0.049263,stagnating
2023-01-09,4100.663965,0.222408,3.120997,82.345999,-0.122354,-0.854989,77.082001,-0.128958,-0.866620,3.666800,-0.438641,-1.517388,4.126700,0.193102,1.598013,739.800000,-0.173084,-1.335026,661.950000,-0.046662,-0.375789,1519.250000,0.096813,0.971395,1890.740015,0.130203,1.013539,23.728000,0.252349,1.037771,0.999778,getting better,3.120997,getting better,-1.079666,lowering,1.317892,getting better,-0.246473,stagnating,0.012116,stagnating
2023-01-16,4143.969971,0.194490,2.675781,86.172501,-0.063220,-0.528643,80.325001,-0.054689,-0.469302,3.336500,-0.393871,-1.379937,4.229625,0.229792,1.955196,742.562500,-0.126757,-1.000131,680.000000,-0.003225,-0.049738,1521.375000,0.099776,1.001000,1917.250000,0.162378,1.391638,23.764500,0.273690,1.149991,1.006667,getting better,2.675781,getting better,-0.792627,lowering,1.552593,getting better,-0.016290,stagnating,-0.120823,stagnating
2023-01-23,4160.787891,0.159885,2.123931,86.914001,-0.085501,-0.651604,80.518001,-0.074059,-0.572926,3.165000,-0.420075,-1.460388,4.246100,0.202793,1.692358,739.650000,-0.115621,-0.919637,676.700000,-0.009442,-0.096401,1502.850000,0.088115,0.884498,1933.200000,0.165744,1.431191,23.679400,0.225413,0.896134,0.732801,getting better,2.123931,getting better,-0.894973,lowering,1.294246,getting better,-0.043847,stagnating,-0.267529,stagnating
2023-01-30,4198.524023,0.155213,2.049425,82.867999,-0.134773,-0.923525,76.490001,-0.141873,-0.935712,2.539000,-0.586644,-1.971783,4.140000,0.176170,1.433181,758.250000,-0.122193,-0.967139,679.450000,-0.011565,-0.112343,1531.950000,0.069648,0.699999,1920.520020,0.164248,1.413609,23.356400,0.184113,0.678960,0.551292,getting better,2.049425,getting better,-1.277007,lowering,1.056071,getting better,-0.126494,stagnating,-0.367324,lowering
2023-02-06,4214.398047,0.115441,1.415183,84.131999,-0.115499,-0.817155,77.500000,-0.123224,-0.835944,2.476200,-0.601449,-2.017237,4.061700,0.078891,0.486174,761.600000,-0.070596,-0.594158,676.550000,0.019208,0.118645,1523.600000,0.053702,0.540682,1881.600000,0.089734,0.537965,22.158400,0.035478,-0.102629,0.240707,stagnating,1.415183,getting better,-1.223445,lowering,0.191773,stagnating,0.021723,stagnating,-0.320297,stagnating
2023-02-13,4266.463965,0.094603,1.082871,85.142000,-0.068998,-0.560529,78.523997,-0.065413,-0.526674,2.421400,-0.607413,-2.035547,4.105700,0.091709,0.610961,775.550000,-0.048230,-0.432476,679.450000,0.021883,0.138727,1531.950000,0.067784,0.681377,1855.240015,0.048525,0.053707,21.716800,0.014557,-0.212640,0.233528,stagnating,1.082871,getting better,-1.040917,lowering,0.199160,stagnating,0.129209,stagnating,-0.133174,stagnating
2023-02-20,4240.287988,0.075668,0.780918,82.255001,-0.045904,-0.433079,75.455000,-0.041537,-0.398945,2.253000,-0.676839,-2.248697,4.116250,0.141026,1.091054,733.375000,-0.071604,-0.601442,666.187500,0.006516,0.023376,1537.875000,0.071923,0.722730,1831.975006,0.049978,0.070774,21.408750,0.011457,-0.228943,0.200405,stagnating,0.780918,getting better,-1.026907,lowering,0.431055,getting better,0.048221,stagnating,-0.149859,stagnating
2023-02-27,4247.505859,0.072761,0.734562,84.245999,-0.006767,-0.217092,77.652002,-0.022483,-0.297012,2.812600,-0.585113,-1.967084,4.087300,0.096849,0.661002,696.300000,-0.079455,-0.658200,639.150000,-0.026131,-0.221678,1512.650000,0.042560,0.429365,1840.419995,0.038670,-0.062105,20.889800,-0.044723,-0.524362,0.138238,stagnating,0.734562,getting better,-0.827063,lowering,0.068320,stagnating,-0.150171,stagnating,-0.231128,stagnating
2023-03-06,4279.367969,0.087210,0.964971,83.300000,0.063993,0.173417,77.420001,0.058605,0.136782,2.556600,-0.558842,-1.886426,4.045700,0.052855,0.232715,672.400000,-0.062204,-0.533491,632.750000,0.004764,0.010227,1525.200000,0.039708,0.400875,1838.999976,0.024638,-0.227004,20.288600,-0.107252,-0.853163,0.255240,stagnating,0.964971,getting better,-0.525409,lowering,-0.310224,stagnating,-0.040796,stagnating,-0.313080,stagnating
2023-03-13,4098.580029,0.049646,0.365941,75.915999,-0.054878,-0.482603,69.766000,-0.072852,-0.566473,2.494000,-0.628005,-2.098771,3.947100,0.036664,0.075103,694.200000,-0.062082,-0.532611,629.100000,-0.026312,-0.223032,1491.400000,0.010982,0.113872,1931.040015,0.069888,0.304741,21.887000,-0.066621,-0.639508,-0.172443,stagnating,0.365941,getting better,-1.049282,lowering,-0.282202,stagnating,-0.213924,stagnating,-0.472124,lowering
2023-03-20,4166.896094,0.089317,0.998584,75.340001,-0.074197,-0.589221,69.418001,-0.102245,-0.723714,2.222400,-0.582051,-1.957684,4.062000,0.072277,0.421790,679.600000,-0.106965,-0.857058,634.250000,-0.035581,-0.292611,1449.850000,-0.015983,-0.155530,1970.640015,0.088992,0.529246,22.784600,-0.037796,-0.487937,0.046590,stagnating,0.998584,getting better,-1.090206,lowering,-0.033074,stagnating,-0.435066,lowering,-0.508591,lowering
2023-03-27,4232.913965,0.107701,1.291752,78.817999,-0.061020,-0.516499,73.803999,-0.069160,-0.546718,2.085800,-0.561461,-1.894469,4.105300,0.073842,0.437029,697.400000,-0.107614,-0.861750,651.200000,-0.040766,-0.331529,1473.450000,-0.020435,-0.200001,1968.700024,0.080057,0.424241,23.546400,-0.015238,-0.369316,0.181070,stagnating,1.291752,getting better,-0.985895,lowering,0.033857,stagnating,-0.464427,lowering,-0.396778,lowering
2023-04-03,4308.544922,0.088458,0.984883,84.995001,0.071816,0.216590,80.609999,0.084889,0.277397,2.092250,-0.463182,-1.592733,4.016750,0.054819,0.251834,685.625000,-0.089249,-0.728994,651.937500,-0.008837,-0.091863,1510.750000,0.018412,0.188105,2025.149994,0.092402,0.569322,24.737750,0.042347,-0.066512,0.258663,stagnating,0.984883,getting better,-0.366249,lowering,0.092661,stagnating,-0.210917,stagnating,-0.317917,stagnating
2023-04-10,4355.327515,0.062103,0.564594,85.903999,0.043208,0.058710,81.842000,0.061752,0.153621,2.114400,-0.423366,-1.470494,4.065400,-0.014854,-0.426433,676.300000,-0.085834,-0.704310,655.900000,-0.009140,-0.094135,1498.050000,-0.013954,-0.135257,2023.760034,0.070353,0.310216,25.335800,0.067760,0.067121,-0.019016,stagnating,0.564594,getting better,-0.419388,lowering,-0.179656,stagnating,-0.311234,stagnating,-0.121548,stagnating
2023-04-17,4389.715918,0.059302,0.519927,83.082001,-0.035864,-0.377671,79.202002,-0.013981,-0.251528,2.269000,-0.319946,-1.152976,4.045900,-0.043438,-0.704689,681.150000,-0.082703,-0.681680,670.650000,-0.013750,-0.128742,1504.750000,-0.010928,-0.105018,2008.719995,0.047709,0.044112,25.217599,0.061146,0.032343,-0.130633,stagnating,0.519927,getting better,-0.594058,lowering,-0.336173,stagnating,-0.305147,stagnating,-0.005885,stagnating
2023-04-24,4368.943945,0.050028,0.372033,79.820001,-0.081621,-0.630192,76.334001,-0.051964,-0.454724,2.292400,-0.275703,-1.017142,3.876700,-0.086997,-1.128742,628.800000,-0.149868,-1.167200,640.450000,-0.053569,-0.427630,1443.500000,-0.039492,-0.390396,1999.680005,0.034389,-0.112422,25.007200,0.056074,0.005674,-0.339911,stagnating,0.372033,getting better,-0.700686,lowering,-0.561534,lowering,-0.661742,lowering,0.059048,stagnating
2023-05-01,4308.122559,0.026104,-0.009485,74.952000,-0.095525,-0.706928,71.164000,-0.069630,-0.549234,2.188000,-0.138243,-0.595117,3.863600,-0.066763,-0.931763,620.800000,-0.181273,-1.394217,644.500000,-0.051439,-0.411641,1451.950000,-0.052221,-0.517573,2026.600000,0.055235,0.132554,25.533400,0.093208,0.200939,-0.454227,getting worse,-0.009485,stagnating,-0.617093,lowering,-0.365412,lowering,-0.774477,lowering,0.034193,stagnating
2023-05-08,4321.225879,0.025348,-0.021537,76.002002,-0.096634,-0.713045,72.068001,-0.070090,-0.551696,2.230400,-0.099265,-0.475447,3.809800,-0.062018,-0.885572,627.700000,-0.175814,-1.354757,642.000000,-0.051068,-0.408858,1447.050000,-0.050243,-0.497809,2030.700000,0.079241,0.414659,25.008400,0.128619,0.387149,-0.447674,getting worse,-0.021537,stagnating,-0.580063,lowering,-0.249212,stagnating,-0.753808,lowering,-0.013755,stagnating
2023-05-15,4337.612427,0.016676,-0.159832,75.708002,-0.110803,-0.791242,71.642001,-0.087642,-0.645592,2.458600,0.015363,-0.123519,3.707800,-0.096914,-1.225280,630.100000,-0.187544,-1.439553,569.000000,-0.162558,-1.245726,1348.450000,-0.119782,-1.192562,1988.400000,0.071775,0.326922,23.806200,0.096211,0.216733,-0.624258,getting worse,-0.159832,stagnating,-0.520118,lowering,-0.504273,lowering,-1.292614,lowering,-0.055094,stagnating
2023-05-22,4319.778027,0.018746,-0.126818,76.879999,-0.065346,-0.540372,72.748000,-0.035876,-0.368659,2.321400,0.030360,-0.077478,3.624600,-0.119441,-1.444581,611.000000,-0.166866,-1.290070,586.100000,-0.120218,-0.927910,1329.900000,-0.135235,-1.346954,1960.859985,0.070353,0.310211,23.266000,0.086752,0.166991,-0.575496,getting worse,-0.126818,stagnating,-0.328836,stagnating,-0.638795,lowering,-1.188311,lowering,-0.071610,stagnating
2023-05-29,4272.687500,0.005929,-0.331225,74.152500,-0.119810,-0.840948,69.847498,-0.100506,-0.714412,2.230750,-0.206873,-0.805821,3.679500,-0.099772,-1.253106,603.750000,-0.132917,-1.044662,597.375000,-0.065360,-0.516139,1319.562500,-0.127648,-1.271155,1971.750000,0.071359,0.322030,23.529250,0.126351,0.375221,-0.688321,getting worse,-0.331225,stagnating,-0.787060,lowering,-0.438943,lowering,-0.943985,lowering,0.026596,stagnating
2023-06-05,4293.568164,0.003318,-0.372852,76.139999,-0.085954,-0.654107,71.575999,-0.075484,-0.580553,2.288400,-0.104905,-0.492763,3.773900,-0.067182,-0.935844,625.000000,-0.070494,-0.593418,604.850000,-0.044093,-0.356504,1362.750000,-0.106511,-1.059970,1974.000000,0.073409,0.346129,23.829000,0.174502,0.628419,-0.547369,getting worse,-0.372852,lowering,-0.575808,lowering,-0.153713,stagnating,-0.669964,lowering,0.141145,stagnating
2023-06-12,4359.991992,0.063781,0.591355,74.321999,-0.020997,-0.295622,69.442000,-0.004644,-0.201580,2.422600,-0.028629,-0.258582,3.845200,-0.025816,-0.533147,649.950000,-0.063742,-0.544614,620.200000,-0.014147,-0.131723,1411.000000,-0.053909,-0.534438,1967.819971,0.019047,-0.292710,23.950401,0.094275,0.206552,0.001823,stagnating,0.591355,getting better,-0.251928,stagnating,-0.163298,stagnating,-0.403592,lowering,0.249631,stagnating
2023-06-19,4320.870020,0.036952,0.163504,75.252501,-0.001161,-0.186155,70.425001,0.014506,-0.099131,2.606500,0.172831,0.359935,3.871000,-0.047021,-0.739574,725.625000,0.067724,0.405727,651.500000,0.027197,0.178619,1496.750000,0.032348,0.327342,1936.474976,-0.017337,-0.720271,22.682750,-0.004470,-0.312694,0.006019,stagnating,0.163504,stagnating,0.024883,stagnating,-0.526134,lowering,0.303896,stagnating,0.203788,stagnating
2023-06-26,4336.871875,0.024559,-0.034117,73.942000,-0.061864,-0.521158,69.425999,-0.059319,-0.494075,2.731200,0.309426,0.779303,3.741400,-0.088641,-1.144747,670.850000,-0.038070,-0.359033,597.150000,-0.083001,-0.648551,1501.450000,0.019003,0.194013,1925.420020,-0.021984,-0.774880,22.802600,-0.031589,-0.455295,-0.264994,stagnating,-0.034117,stagnating,-0.078643,stagnating,-0.800021,lowering,-0.271190,stagnating,0.159793,stagnating
2023-07-03,4319.908008,0.002637,-0.383711,76.572500,-0.099094,-0.726622,71.810001,-0.109168,-0.760748,2.639250,0.261441,0.631982,3.754875,-0.065196,-0.916503,644.250000,-0.060346,-0.520065,558.187500,-0.143802,-1.104940,1530.125000,0.012825,0.132287,1926.125000,-0.048898,-1.091152,22.967750,-0.071551,-0.665432,-0.434254,getting worse,-0.383711,lowering,-0.285129,stagnating,-0.790968,lowering,-0.497573,lowering,0.212860,stagnating
2023-07-10,4339.079883,-0.003731,-0.485260,79.686002,-0.072383,-0.579211,75.175999,-0.081450,-0.612465,2.623200,0.240636,0.568106,3.843700,-0.054533,-0.812705,635.200000,-0.060772,-0.523141,577.100000,-0.120140,-0.927329,1506.150000,0.005407,0.058178,1951.600000,-0.035656,-0.935550,24.027600,-0.051634,-0.560704,-0.427247,getting worse,-0.485260,lowering,-0.207857,stagnating,-0.686705,lowering,-0.464097,lowering,0.187423,stagnating
2023-07-17,4370.787988,-0.004312,-0.494531,79.659999,-0.041188,-0.407053,75.589999,-0.045605,-0.420707,2.642800,0.164742,0.335100,3.813600,-0.057416,-0.840769,695.350000,0.020847,0.066866,527.550000,-0.213375,-1.627170,1492.700000,-0.008008,-0.075849,1971.100024,-0.018728,-0.736621,24.930000,-0.011405,-0.349159,-0.425312,getting worse,-0.494531,lowering,-0.164220,stagnating,-0.594964,lowering,-0.545384,lowering,0.193731,stagnating
2023-07-24,4406.883887,0.008684,-0.287284,83.705998,0.048685,0.088933,79.563998,0.042314,0.049631,2.642000,0.152504,0.297527,3.882700,0.001548,-0.266758,730.950000,0.162452,1.090501,542.500000,-0.152939,-1.173526,1520.750000,0.053516,0.538824,1960.419971,-0.019633,-0.747254,24.509401,-0.019906,-0.393864,-0.052053,stagnating,-0.287284,stagnating,0.145364,stagnating,-0.330311,stagnating,0.151933,stagnating,0.176695,stagnating
2023-07-31,4361.337524,0.012352,-0.228786,85.009999,0.134193,0.560833,81.406001,0.143921,0.593198,2.562600,0.171207,0.354947,3.887300,0.006134,-0.222109,643.600000,0.036727,0.181657,490.850000,-0.238402,-1.815026,1439.000000,-0.008919,-0.084951,1973.840015,-0.026034,-0.822470,24.003800,-0.059906,-0.604199,-0.039295,stagnating,-0.228786,stagnating,0.502993,getting better,-0.413154,lowering,-0.572773,lowering,0.109135,stagnating
2023-08-07,4329.810059,0.001987,-0.394090,86.453999,0.137523,0.579211,83.054001,0.152439,0.638768,2.798800,0.254842,0.611722,3.758800,-0.013387,-0.412142,642.650000,0.023817,0.088336,481.350000,-0.250234,-1.903838,1417.850000,-0.020179,-0.197447,1955.200000,-0.037179,-0.953446,22.785800,-0.088874,-0.756527,-0.117204,stagnating,-0.394090,lowering,0.609900,getting better,-0.584334,lowering,-0.670983,lowering,0.098460,stagnating
2023-08-14,4268.770020,-0.015871,-0.678866,84.694000,0.118693,0.475293,80.903999,0.129282,0.514881,2.643600,0.075246,0.060332,3.684400,-0.006311,-0.343263,603.000000,-0.043009,-0.394737,472.350000,-0.169859,-1.300532,1349.700000,0.000927,0.013419,1927.839990,-0.030457,-0.874445,22.616800,-0.049962,-0.551909,-0.254176,stagnating,-0.678866,lowering,0.350169,getting better,-0.447586,lowering,-0.560617,lowering,0.161268,stagnating
2023-08-21,4244.076074,-0.017525,-0.705234,83.908000,0.091415,0.324754,79.768001,0.096498,0.339496,2.549600,0.098303,0.131120,3.758700,0.036997,0.078341,602.150000,-0.014484,-0.188538,471.000000,-0.196383,-1.499623,1365.550000,0.026807,0.271977,1936.819995,-0.012260,-0.660608,23.903600,0.027405,-0.145082,-0.208160,stagnating,-0.705234,lowering,0.265123,stagnating,-0.033370,stagnating,-0.472061,lowering,0.257763,stagnating
2023-08-28,4303.044043,0.007105,-0.312468,86.236000,0.162955,0.719564,82.414000,0.179913,0.785745,2.692800,0.207128,0.465231,3.783400,0.028238,-0.006934,575.000000,-0.047619,-0.428062,467.100000,-0.218079,-1.662479,1374.950000,0.041974,0.423514,1963.580005,-0.004144,-0.565228,24.490600,0.040858,-0.074341,0.004791,stagnating,-0.312468,stagnating,0.656847,getting better,-0.040638,stagnating,-0.555676,lowering,0.245443,stagnating
2023-09-04,4249.100000,-0.010357,-0.590932,90.302500,0.186006,0.846779,87.152502,0.217622,0.987474,2.569000,0.122618,0.205773,3.741500,-0.008585,-0.365402,573.062500,-0.083100,-0.684546,470.437500,-0.222225,-1.693595,1350.937500,-0.008668,-0.082444,1945.499969,-0.014438,-0.686200,23.151500,-0.028432,-0.438694,-0.181475,stagnating,-0.590932,lowering,0.680009,getting better,-0.402048,lowering,-0.820195,lowering,0.123753,stagnating
2023-09-11,4258.975977,-0.023169,-0.795245,92.441998,0.243804,1.165753,89.115999,0.283316,1.338915,2.676600,0.104846,0.151209,3.764800,-0.020909,-0.485375,571.400000,-0.120855,-0.957473,467.450000,-0.246292,-1.874247,1340.850000,-0.049717,-0.492551,1938.759985,-0.014768,-0.690076,23.003200,-0.039548,-0.497151,-0.256536,stagnating,-0.795245,lowering,0.885292,getting better,-0.491263,lowering,-1.108090,lowering,0.096463,stagnating
2023-09-18,4236.862012,-0.019442,-0.735818,93.773999,0.246125,1.178560,90.523999,0.285396,1.350043,2.711200,0.040169,-0.047362,3.706800,-0.042418,-0.694762,583.850000,-0.195383,-1.496219,476.500000,-0.268611,-2.041781,1308.450000,-0.125806,-1.252746,1951.879980,0.007955,-0.423052,23.409000,0.032018,-0.120825,-0.362577,getting worse,-0.735818,lowering,0.827080,getting better,-0.407793,lowering,-1.596915,lowering,0.151113,stagnating
2023-09-25,4152.890137,-0.042423,-1.102287,94.898000,0.283411,1.384337,91.250000,0.314349,1.504934,2.786600,0.020284,-0.108411,3.664400,-0.020581,-0.482176,575.550000,-0.142059,-1.110746,481.900000,-0.193000,-1.474231,1295.850000,-0.136934,-1.363928,1898.400000,-0.014033,-0.681447,22.664600,-0.006052,-0.321012,-0.371737,getting worse,-1.102287,lowering,0.926953,getting better,-0.401594,lowering,-1.316302,lowering,0.180218,stagnating
2023-10-02,4115.462061,-0.047326,-1.180488,87.217999,0.139025,0.587502,85.474001,0.190280,0.841203,3.051000,0.156010,0.308291,3.600600,-0.041087,-0.681801,567.950000,-0.118432,-0.939956,490.350000,-0.121532,-0.937774,1273.900000,-0.167454,-1.668841,1840.100000,-0.044662,-1.041380,21.148000,-0.079231,-0.705817,-0.522071,getting worse,-1.180488,lowering,0.578999,getting better,-0.693809,lowering,-1.182190,lowering,0.167781,stagnating
2023-10-09,4170.589941,-0.038831,-1.045007,87.702000,0.100595,0.375414,85.288000,0.134511,0.542857,3.343000,0.274398,0.671761,3.612500,-0.060150,-0.867387,567.700000,-0.106266,-0.852007,490.200000,-0.150580,-1.155820,1271.700000,-0.155662,-1.551031,1890.280029,-0.031420,-0.885770,21.998600,-0.084445,-0.733234,-0.534730,getting worse,-1.045007,lowering,0.530011,getting better,-0.800311,lowering,-1.186286,lowering,0.076268,stagnating
2023-10-16,4104.609912,-0.060899,-1.396936,91.118001,0.143836,0.614054,87.952002,0.163540,0.698154,3.020000,0.142727,0.267511,3.575600,-0.062408,-0.889367,581.600000,-0.163587,-1.266368,494.300000,-0.063027,-0.498627,1302.350000,-0.127521,-1.269877,1962.640015,-0.004292,-0.566974,22.931000,-0.080185,-0.710833,-0.638907,getting worse,-1.396936,lowering,0.526573,getting better,-0.800100,lowering,-1.011624,lowering,-0.071930,stagnating
2023-10-23,4048.846045,-0.081245,-1.721392,89.288000,0.066686,0.188279,84.673999,0.064225,0.166849,3.057000,0.157078,0.311570,3.591500,-0.074999,-1.011941,578.250000,-0.208906,-1.593974,482.850000,-0.109954,-0.850869,1289.400000,-0.152129,-1.515734,1992.940015,0.016588,-0.321600,22.897200,-0.065779,-0.635082,-0.920453,getting worse,-1.721392,lowering,0.222233,stagnating,-0.823511,lowering,-1.320192,lowering,-0.156741,stagnating
2023-10-30,4105.088037,-0.058755,-1.362737,86.245999,0.014539,-0.099505,81.348000,-0.000712,-0.180547,3.481600,0.358620,0.930339,3.655500,-0.059630,-0.862322,564.400000,-0.123058,-0.973393,475.850000,-0.030559,-0.254915,1298.500000,-0.097637,-0.971318,1996.019995,0.011237,-0.384486,22.952000,-0.043818,-0.519603,-0.690918,getting worse,-1.362737,lowering,0.216762,stagnating,-0.690963,lowering,-0.733209,lowering,-0.067559,stagnating
2023-11-06,4183.412109,-0.033812,-0.964966,81.554001,-0.056678,-0.492535,77.286000,-0.069449,-0.548265,3.116800,0.113620,0.178147,3.645200,-0.030222,-0.576039,578.850000,-0.099276,-0.801482,470.750000,-0.022021,-0.190828,1339.900000,-0.054978,-0.545114,1965.480005,0.005258,-0.454750,22.670000,-0.005082,-0.315912,-0.593414,getting worse,-0.964966,lowering,-0.287551,stagnating,-0.445975,lowering,-0.512475,lowering,0.069419,stagnating
2023-11-13,4296.532031,0.006504,-0.322057,80.839999,-0.045505,-0.430877,76.394002,-0.055745,-0.474954,3.103000,0.173778,0.362842,3.700900,0.004478,-0.238228,563.150000,-0.066086,-0.561557,473.600000,0.002646,-0.005667,1364.450000,0.010928,0.113341,1970.600000,0.022180,-0.255887,23.312800,0.030774,-0.127367,-0.235761,stagnating,-0.322057,stagnating,-0.180996,stagnating,-0.182798,stagnating,-0.151294,stagnating,0.064260,stagnating
2023-11-20,4351.950000,0.025418,-0.020433,81.736000,-0.025885,-0.322601,77.002499,-0.034669,-0.362205,2.882800,0.130687,0.230545,3.793800,0.009338,-0.190916,550.750000,-0.085361,-0.700889,467.875000,-0.006635,-0.075333,1357.937500,-0.005575,-0.051538,1994.200024,0.029626,-0.168390,23.855751,-0.002002,-0.299714,-0.136904,stagnating,-0.020433,stagnating,-0.151420,stagnating,-0.245315,stagnating,-0.275920,stagnating,-0.065662,stagnating
2023-11-27,4374.787988,0.016673,-0.159885,81.294000,-0.057308,-0.496014,75.832001,-0.079865,-0.603988,2.784000,0.033868,-0.066706,3.817500,0.009013,-0.194083,556.250000,-0.032609,-0.319555,456.600000,-0.022479,-0.194264,1338.200000,-0.026728,-0.262879,2045.459985,0.041699,-0.026510,25.093200,0.024605,-0.159802,-0.243689,stagnating,-0.159885,stagnating,-0.388903,lowering,-0.176943,stagnating,-0.258899,stagnating,-0.066646,stagnating
2023-12-04,4469.612012,0.051896,0.401824,75.884000,-0.159669,-1.060921,71.062000,-0.184625,-1.164420,2.627800,0.022888,-0.100416,3.782800,0.011038,-0.174367,614.650000,0.072571,0.440765,465.500000,-0.010496,-0.104313,1304.600000,-0.034300,-0.338530,2037.460010,0.047268,0.038931,23.869600,0.031017,-0.126085,-0.114529,stagnating,0.401824,getting better,-0.775252,lowering,-0.150226,stagnating,-0.000693,stagnating,-0.082508,stagnating
2023-12-11,4539.117969,0.065777,0.623181,75.338000,-0.185024,-1.200850,70.482001,-0.209098,-1.295345,2.392000,-0.106329,-0.497135,3.825100,0.016017,-0.125902,601.350000,0.052415,0.295065,463.900000,-0.007594,-0.082536,1319.400000,-0.015997,-0.155669,2012.959985,0.038272,-0.066787,23.221201,0.009477,-0.239354,-0.080882,stagnating,0.623181,getting better,-0.997777,lowering,-0.182628,stagnating,0.018953,stagnating,-0.086284,stagnating
2023-12-18,4527.335938,0.068559,0.667544,79.067999,-0.156824,-1.045220,73.516000,-0.187884,-1.181855,2.524800,-0.068752,-0.381766,3.889900,0.049396,0.199041,615.700000,0.054552,0.310510,473.000000,-0.007345,-0.080666,1308.950000,0.000382,0.007975,2052.140039,0.051366,0.087086,24.163000,0.032210,-0.119815,0.027905,stagnating,0.667544,getting better,-0.869614,lowering,0.039613,stagnating,0.079273,stagnating,-0.103451,stagnating
2023-12-25,4521.469889,0.088753,0.989577,79.037500,-0.167132,-1.102108,73.275000,-0.196986,-1.230550,2.560000,-0.081318,-0.420346,3.908125,0.066512,0.365663,629.687500,0.094062,0.596123,475.562500,-0.013151,-0.124246,1307.187500,0.008749,0.091568,2079.550049,0.095422,0.604813,24.126500,0.064501,0.049989,0.155678,stagnating,0.989577,getting better,-0.917668,lowering,0.207826,stagnating,0.187815,stagnating,-0.277412,stagnating
2024-01-01,4461.883138,0.084176,0.916586,77.622499,-0.110017,-0.786906,72.269999,-0.154480,-1.003154,2.737500,-0.102753,-0.486156,3.835500,0.065239,0.353276,609.125000,0.072498,0.440237,464.062500,-0.053610,-0.427937,1263.812500,-0.007919,-0.074956,2054.000000,0.116244,0.849492,23.197500,0.096912,0.220419,0.140316,stagnating,0.916586,getting better,-0.758739,lowering,0.286847,stagnating,-0.020885,stagnating,-0.314536,stagnating
2024-01-08,4468.785937,0.071500,0.714444,77.242001,-0.119268,-0.837955,71.815999,-0.157959,-1.021766,3.123800,-0.065570,-0.371997,3.769100,0.043349,0.140181,603.350000,0.062797,0.370115,455.700000,-0.070379,-0.553814,1229.350000,-0.033302,-0.328555,2033.020020,0.075513,0.370844,22.921400,0.041948,-0.068606,0.026031,stagnating,0.714444,getting better,-0.743906,lowering,0.035787,stagnating,-0.170751,stagnating,-0.219725,stagnating
2024-01-15,4441.229980,0.082010,0.882056,78.457499,-0.138946,-0.946557,73.112501,-0.168723,-1.079349,2.746500,-0.090563,-0.448730,3.757750,0.050942,0.214098,585.812500,0.007243,-0.031475,443.812500,-0.102139,-0.792211,1214.937500,-0.067119,-0.666417,2021.899994,0.030194,-0.161714,22.671750,-0.011306,-0.348638,0.036305,stagnating,0.882056,getting better,-0.824879,lowering,-0.067270,stagnating,-0.496701,lowering,-0.093462,stagnating
2024-01-22,4545.613965,0.122694,1.530839,81.126001,-0.091412,-0.684227,76.004001,-0.102393,-0.724504,2.558600,-0.163036,-0.671234,3.830600,0.066574,0.366269,603.250000,0.043234,0.228696,448.500000,-0.071140,-0.559524,1227.250000,-0.048201,-0.477407,2019.820020,0.013488,-0.358038,22.563000,-0.014596,-0.365939,0.376221,getting better,1.530839,getting better,-0.693322,lowering,0.000165,stagnating,-0.269412,stagnating,-0.003950,stagnating
2024-01-29,4648.721973,0.132429,1.686094,80.602000,-0.065441,-0.540897,75.309999,-0.074224,-0.573812,2.159200,-0.379825,-1.336815,3.871200,0.059007,0.292606,599.100000,0.061481,0.360602,445.250000,-0.064306,-0.508225,1205.400000,-0.071698,-0.712165,2046.019995,0.025050,-0.222165,23.025400,0.003198,-0.272372,0.396616,getting better,1.686094,getting better,-0.817175,lowering,0.010117,stagnating,-0.286596,stagnating,-0.025104,stagnating
2024-02-05,4690.328027,0.121173,1.506586,79.921999,-0.020011,-0.290183,74.601999,-0.034728,-0.362520,1.964400,-0.369738,-1.305846,3.736700,0.025102,-0.037463,594.500000,0.027036,0.111607,435.600000,-0.074668,-0.586006,1192.350000,-0.110120,-1.096033,2046.519971,0.041232,-0.032006,22.419800,-0.011037,-0.347223,0.283009,stagnating,1.506586,getting better,-0.652850,lowering,-0.192343,stagnating,-0.523477,lowering,-0.157609,stagnating
2024-02-12,4730.733984,0.101059,1.185824,82.539999,0.021029,-0.063690,77.730000,0.017488,-0.083178,1.651200,-0.467870,-1.607127,3.747500,0.012592,-0.159247,581.600000,0.032762,0.152998,423.950000,-0.104835,-0.812447,1176.850000,-0.137491,-1.369493,2016.700000,0.023394,-0.241625,22.697400,-0.026398,-0.427998,0.163951,stagnating,1.185824,getting better,-0.584665,lowering,-0.293623,stagnating,-0.676314,lowering,-0.093186,stagnating
2024-02-19,4805.317871,0.104176,1.235532,82.664999,0.011366,-0.117020,77.797501,0.010324,-0.121503,1.671000,-0.420355,-1.461249,3.880125,0.022754,-0.060313,580.687500,0.054358,0.309107,408.875000,-0.126102,-0.972080,1155.125000,-0.149353,-1.488004,2038.549988,0.022239,-0.255191,22.922750,-0.039110,-0.494846,0.192589,stagnating,1.235532,getting better,-0.566591,lowering,-0.277579,stagnating,-0.716992,lowering,-0.119828,stagnating
2024-02-26,4881.286035,0.115777,1.420531,83.406001,0.025980,-0.036369,78.644002,0.037082,0.021642,1.770800,-0.363937,-1.288035,3.834400,0.004427,-0.238728,574.350000,0.032539,0.151387,411.300000,-0.099212,-0.770234,1134.500000,-0.152219,-1.516639,2055.219971,0.004772,-0.460464,22.653200,-0.097238,-0.800505,0.263342,stagnating,1.420531,getting better,-0.434254,lowering,-0.519617,lowering,-0.711829,lowering,-0.170021,stagnating
2024-03-04,4931.362012,0.103309,1.221705,82.568001,0.088082,0.306358,78.592000,0.105964,0.390138,1.885000,-0.282670,-1.038532,3.874200,0.024162,-0.046608,535.600000,-0.128610,-1.013527,420.250000,-0.097207,-0.755190,1151.100000,-0.117661,-1.171368,2155.419971,0.057896,0.163819,24.104600,0.009845,-0.237418,0.246976,stagnating,1.221705,getting better,-0.114012,stagnating,-0.142013,stagnating,-0.980028,lowering,-0.200618,stagnating
2024-03-11,4978.662012,0.096835,1.118463,83.783998,0.112108,0.438953,79.502000,0.127976,0.507896,1.705400,-0.287040,-1.051949,4.009900,0.048312,0.188495,530.650000,-0.117569,-0.933714,428.600000,-0.076094,-0.596709,1181.550000,-0.104479,-1.039676,2172.900049,0.079455,0.417174,24.747800,0.065742,0.056510,0.287892,stagnating,1.118463,getting better,-0.035033,stagnating,0.122503,stagnating,-0.856700,lowering,-0.180332,stagnating
2024-03-18,5014.889941,0.107691,1.291592,86.285999,0.091289,0.324055,81.914000,0.114234,0.434379,1.697600,-0.327630,-1.176566,4.050800,0.041364,0.120848,548.350000,-0.109388,-0.874575,438.900000,-0.072093,-0.566677,1197.450000,-0.085183,-0.846888,2165.939990,0.055454,0.135130,24.905800,0.030741,-0.127537,0.331561,stagnating,1.291592,getting better,-0.139377,stagnating,-0.003345,stagnating,-0.762713,lowering,-0.131333,stagnating
2024-03-25,5068.382568,0.120959,1.503176,86.642500,0.096220,0.351272,82.022499,0.119379,0.461905,1.667750,-0.348535,-1.240749,3.999750,0.023445,-0.053591,551.562500,-0.124069,-0.980706,434.750000,-0.085819,-0.669710,1198.062500,-0.083481,-0.829883,2190.399963,0.053305,0.109870,24.662500,0.022216,-0.172365,0.368126,getting better,1.503176,getting better,-0.142524,stagnating,-0.112978,stagnating,-0.826766,lowering,-0.141118,stagnating
2024-04-01,5049.189941,0.131628,1.673308,89.501999,0.153042,0.664858,85.558000,0.183866,0.806891,1.819800,-0.335233,-1.199909,4.159000,0.084344,0.539257,556.350000,-0.086641,-0.710141,432.650000,-0.067690,-0.533628,1181.400000,-0.065209,-0.647338,2301.560010,0.120526,0.899813,26.448600,0.140149,0.447775,0.603586,getting better,1.673308,getting better,0.090613,stagnating,0.493516,getting better,-0.630369,lowering,-0.226019,stagnating
2024-04-08,4991.893945,0.117058,1.440969,90.093999,0.166386,0.738502,85.710001,0.193467,0.858251,1.827000,-0.415135,-1.445223,4.270900,0.133135,1.014242,557.950000,-0.075247,-0.627775,433.050000,-0.049704,-0.398618,1170.800000,-0.047627,-0.471673,2361.719971,0.161681,1.383440,27.999000,0.221522,0.875672,0.603727,getting better,1.440969,getting better,0.050510,stagnating,0.944957,getting better,-0.499355,lowering,-0.253884,stagnating
2024-04-15,4934.051953,0.110965,1.343804,88.362000,0.126240,0.516946,83.866002,0.147082,0.610105,1.728800,-0.370544,-1.308321,4.393900,0.169290,1.366209,545.100000,-0.069497,-0.586217,430.600000,-0.029770,-0.248994,1147.500000,-0.055507,-0.550402,2398.200000,0.186112,1.670544,28.490400,0.256648,1.060377,0.587427,getting better,1.343804,getting better,-0.060423,stagnating,1.213293,getting better,-0.461871,lowering,-0.305084,stagnating
2024-04-22,4976.151953,0.094715,1.084661,88.389999,0.089540,0.314404,83.287999,0.095837,0.335963,1.701600,-0.334949,-1.199037,4.519500,0.179841,1.468924,591.050000,-0.020224,-0.230027,440.300000,-0.018283,-0.162768,1163.350000,-0.052068,-0.516041,2343.319971,0.160163,1.365603,27.290199,0.209511,0.812513,0.509216,getting better,1.084661,getting better,-0.182890,stagnating,1.140718,getting better,-0.302945,stagnating,-0.276545,stagnating
2024-04-29,4928.599976,0.060205,0.534332,85.266000,0.057865,0.139596,80.123999,0.063922,0.165230,2.026000,-0.061689,-0.360084,4.568700,0.180177,1.472189,589.850000,-0.015440,-0.195445,444.200000,-0.002358,-0.043232,1170.750000,-0.028746,-0.283035,2317.960010,0.132912,1.045364,26.656200,0.157687,0.539997,0.368276,getting better,0.534332,getting better,-0.018419,stagnating,1.006093,getting better,-0.173904,stagnating,-0.252684,stagnating
2024-05-06,5024.077515,0.071157,0.708978,83.348001,0.042867,0.056827,78.674001,0.054583,0.115267,2.228400,0.134392,0.241920,4.624600,0.237616,2.031359,627.700000,0.055845,0.319861,450.950000,0.035239,0.238978,1215.500000,0.019415,0.198134,2338.600000,0.142720,1.160630,27.688000,0.234980,0.946438,0.619686,getting better,0.708978,getting better,0.138005,stagnating,1.488899,getting better,0.252324,stagnating,-0.107096,stagnating
2024-05-13,5079.348047,0.073691,0.749394,83.148000,0.007366,-0.139093,79.012000,0.016493,-0.088503,2.452400,0.485223,1.319031,4.935300,0.316958,2.803750,661.500000,0.137380,0.909256,456.850000,0.077603,0.556977,1212.450000,0.030250,0.306382,2380.139941,0.180215,1.601247,29.386401,0.294703,1.260490,0.838332,getting better,0.749394,getting better,0.363812,getting better,2.032120,getting better,0.590872,getting better,-0.170378,stagnating
2024-05-20,5036.292603,0.048066,0.340752,82.394000,-0.003278,-0.197837,78.244002,0.005739,-0.146032,2.688200,0.608737,1.698241,4.933800,0.271557,2.361773,694.900000,0.196685,1.337962,461.700000,0.129196,0.944241,1243.550000,0.076550,0.768956,2385.799951,0.170342,1.485219,31.196400,0.360936,1.608771,0.719305,getting better,0.340752,stagnating,0.451457,getting better,1.985272,getting better,1.017053,getting better,0.061776,stagnating
2024-05-27,5003.720117,0.025082,-0.025778,82.825001,-0.006966,-0.218188,78.490002,-0.001958,-0.187211,2.560500,0.445957,1.198476,4.740750,0.236373,2.019261,688.125000,0.198093,1.348144,453.187500,0.101842,0.738914,1214.562500,0.070571,0.709217,2340.874939,0.138990,1.116793,31.464750,0.388976,1.756216,0.500541,getting better,-0.025778,stagnating,0.264359,stagnating,1.887739,getting better,0.932092,getting better,0.319712,stagnating
2024-06-03,5022.594043,0.018500,-0.130742,78.756001,-0.046168,-0.434536,74.524001,-0.051761,-0.453640,2.767600,0.468223,1.266838,4.606000,0.188891,1.557018,648.950000,0.211632,1.446010,445.200000,0.059369,0.420108,1184.000000,0.028581,0.289709,2361.619971,0.095666,0.607672,30.131800,0.250044,1.025650,0.322064,stagnating,-0.130742,stagnating,0.126221,stagnating,1.291334,getting better,0.718609,getting better,0.208989,stagnating
2024-06-10,4958.128027,-0.004124,-0.491541,82.303999,-0.017664,-0.277231,78.242000,-0.015849,-0.261521,2.984000,0.749736,2.131132,4.543900,0.133170,1.014584,616.750000,0.162254,1.089067,452.800000,0.056463,0.398291,1182.550000,0.000846,0.012613,2335.100049,0.074647,0.360669,29.494000,0.191783,0.719289,0.171132,stagnating,-0.491541,lowering,0.530793,getting better,0.866936,getting better,0.499990,getting better,0.179310,stagnating
2024-06-17,4907.274023,-0.021459,-0.767982,85.132500,-0.013368,-0.253522,81.200001,-0.008716,-0.223365,2.785750,0.640993,1.797272,4.548875,0.122957,0.915159,576.937500,0.052134,0.293030,442.125000,0.007348,0.029624,1161.875000,-0.029709,-0.292659,2344.024963,0.082221,0.449673,29.794750,0.196298,0.743030,-0.043547,stagnating,-0.767982,lowering,0.440128,getting better,0.829094,getting better,0.009998,stagnating,0.146678,stagnating
2024-06-24,4919.902051,-0.029295,-0.892946,85.814001,-0.009562,-0.232517,81.328000,-0.008467,-0.222032,2.696200,0.616669,1.722593,4.398900,0.099794,0.689663,549.750000,-0.003286,-0.107588,418.000000,-0.038528,-0.314730,1160.800000,-0.031102,-0.306580,2332.920020,0.065066,0.248079,29.078000,0.179037,0.652266,-0.161667,stagnating,-0.892946,lowering,0.422681,getting better,0.670964,getting better,-0.242966,stagnating,0.202094,stagnating
2024-07-01,4953.798047,-0.018893,-0.727049,86.679998,-0.031530,-0.353752,83.307499,-0.026304,-0.317452,2.412500,0.325695,0.829253,4.513875,0.085327,0.548830,564.375000,0.014424,0.020438,403.750000,-0.066798,-0.526928,1172.375000,-0.007639,-0.072165,2359.849915,0.025326,-0.218917,30.147250,0.139843,0.446167,-0.187502,stagnating,-0.727049,lowering,0.052683,stagnating,0.497499,getting better,-0.192885,stagnating,0.332542,stagnating
2024-07-08,4970.291992,-0.004327,-0.494778,85.184001,-0.054499,-0.480510,82.134001,-0.041722,-0.399935,2.327200,0.273782,0.669871,4.582900,0.073053,0.429339,548.600000,-0.016758,-0.204972,401.200000,-0.073548,-0.577599,1150.850000,-0.017040,-0.166082,2390.739941,0.012288,-0.372139,30.879399,0.102875,0.251774,-0.176805,stagnating,-0.494778,lowering,-0.070191,stagnating,0.340557,stagnating,-0.316218,stagnating,0.311956,stagnating
2024-07-15,4903.952051,-0.006100,-0.523053,84.280000,-0.046196,-0.434692,81.694000,-0.025898,-0.315284,2.126800,0.230218,0.536121,4.371400,-0.005121,-0.331675,536.100000,-0.016511,-0.203186,393.200000,-0.086856,-0.677487,1092.300000,-0.048105,-0.476446,2442.419971,0.018439,-0.299854,30.217400,0.060617,0.029562,-0.333296,stagnating,-0.523053,lowering,-0.071285,stagnating,-0.151057,stagnating,-0.452373,lowering,0.164708,stagnating
2024-07-22,4869.977930,-0.021337,-0.766025,81.724001,-0.075416,-0.595947,77.953999,-0.064043,-0.519344,2.120400,0.246121,0.584948,4.128500,-0.086514,-1.124036,539.800000,-0.086710,-0.710643,401.400000,-0.088349,-0.688696,1107.950000,-0.047621,-0.471616,2390.439990,0.020108,-0.280236,28.607800,0.048281,-0.035305,-0.610220,getting worse,-0.766025,lowering,-0.176781,stagnating,-0.579670,lowering,-0.623652,lowering,0.122465,stagnating
2024-07-29,4792.007568,-0.027714,-0.867730,79.091998,-0.072409,-0.579352,75.656000,-0.055764,-0.475053,2.000800,-0.012438,-0.208874,4.087100,-0.105413,-1.308016,530.650000,-0.100364,-0.809348,387.250000,-0.128208,-0.987888,1032.350000,-0.118215,-1.176905,2431.980029,0.049190,0.061514,28.284600,0.061089,0.032044,-0.793756,getting worse,-0.867730,lowering,-0.421093,lowering,-0.637986,lowering,-0.991380,lowering,-0.014735,stagnating
2024-08-05,4631.780078,-0.078083,-1.670973,77.986003,-0.064333,-0.534782,74.880000,-0.048224,-0.434720,2.066800,-0.072518,-0.393331,3.971600,-0.141201,-1.656416,540.200000,-0.139398,-1.091512,383.750000,-0.149019,-1.144097,1026.150000,-0.155780,-1.552207,2449.019971,0.047216,0.038322,27.197800,-0.017704,-0.382285,-1.185836,getting worse,-1.670973,lowering,-0.454278,lowering,-1.019351,lowering,-1.262605,lowering,-0.210304,stagnating
2024-08-12,4748.537988,-0.065128,-1.464378,80.694002,-0.029514,-0.342624,78.040001,-0.012302,-0.242547,2.175200,-0.113032,-0.517715,4.076500,-0.174012,-1.975823,531.700000,-0.196221,-1.502273,377.500000,-0.173689,-1.329281,974.200000,-0.196503,-1.959067,2504.339990,0.052182,0.096674,27.997200,-0.047274,-0.537773,-1.194599,getting worse,-1.464378,lowering,-0.367629,lowering,-1.256798,lowering,-1.596874,lowering,-0.317223,stagnating
2024-08-19,4881.694043,-0.030697,-0.915295,77.430000,-0.060247,-0.512235,73.636002,-0.058893,-0.491793,2.137000,-0.205044,-0.800208,4.166600,-0.155499,-1.795600,518.850000,-0.253346,-1.915219,373.550000,-0.190925,-1.458653,953.950000,-0.232882,-2.322520,2540.480029,0.064834,0.245351,29.392600,-0.057821,-0.593235,-1.090126,getting worse,-0.915295,lowering,-0.601412,lowering,-1.194418,lowering,-1.898797,lowering,-0.419293,lowering
2024-08-26,4926.549902,-0.015423,-0.671714,79.674002,-0.038044,-0.389701,75.386000,-0.039546,-0.388296,2.010800,-0.214685,-0.829805,4.175900,-0.119148,-1.441725,515.650000,-0.250645,-1.895694,368.850000,-0.186098,-1.422426,968.300000,-0.202758,-2.021562,2546.760010,0.087952,0.517026,29.478400,-0.063129,-0.621150,-0.920735,getting worse,-0.671714,lowering,-0.535934,lowering,-1.031438,lowering,-1.779894,lowering,-0.569088,lowering
2024-09-02,4857.395996,-0.032891,-0.950284,72.549999,-0.078800,-0.614626,69.089998,-0.072916,-0.566814,2.219250,-0.198132,-0.778986,4.035875,-0.123779,-1.486807,557.875000,-0.140342,-1.098338,387.687500,-0.129184,-0.995210,1000.125000,-0.155300,-1.547415,2529.175049,0.070949,0.317217,28.161500,-0.065389,-0.633034,-0.962499,getting worse,-0.950284,lowering,-0.653475,lowering,-1.059921,lowering,-1.213654,lowering,-0.475125,lowering
2024-09-09,4789.502148,-0.034010,-0.968129,71.044000,-0.136810,-0.934767,67.878000,-0.132461,-0.885359,2.266800,-0.240349,-0.908598,4.103200,-0.096987,-1.225991,562.450000,-0.088042,-0.720272,384.250000,-0.151391,-1.161907,987.100000,-0.165278,-1.647109,2561.900000,0.097126,0.624837,29.110600,-0.012999,-0.357544,-0.997418,getting worse,-0.968129,lowering,-0.909575,lowering,-0.791767,lowering,-1.176429,lowering,-0.491190,lowering
2024-09-16,4867.725879,-0.008059,-0.554288,73.893999,-0.132012,-0.908288,71.212000,-0.123005,-0.834773,2.352600,-0.155488,-0.648061,4.246400,-0.066494,-0.929146,572.800000,-0.007171,-0.135674,408.700000,-0.075601,-0.593007,1009.950000,-0.130758,-1.302226,2612.139990,0.114382,0.827618,30.800200,0.033746,-0.111737,-0.702046,getting worse,-0.554288,lowering,-0.797041,lowering,-0.520442,lowering,-0.676969,lowering,-0.469677,lowering
2024-09-23,4968.644043,0.009907,-0.267779,73.222000,-0.146736,-0.989547,69.494000,-0.145510,-0.955166,2.657600,-0.014316,-0.214641,4.453700,0.012458,-0.160550,582.800000,0.060118,0.350749,414.350000,-0.008732,-0.091076,1048.300000,-0.096916,-0.964112,2675.439990,0.146820,1.208810,31.624000,0.087558,0.171228,-0.406237,getting worse,-0.267779,stagnating,-0.719785,lowering,0.005339,stagnating,-0.234813,stagnating,-0.518791,lowering
2024-09-30,4958.832031,0.001016,-0.409563,74.980000,-0.134979,-0.924664,71.237999,-0.144879,-0.951792,2.905800,0.204477,0.457092,4.530400,0.003661,-0.246186,598.300000,0.060111,0.350695,427.850000,0.059690,0.422518,1050.800000,-0.103700,-1.031888,2673.279980,0.132818,1.044261,31.710799,0.051864,-0.016466,-0.389370,getting worse,-0.409563,lowering,-0.473121,lowering,-0.131326,stagnating,-0.086225,stagnating,-0.530364,lowering
2024-10-07,4975.107910,0.000969,-0.410317,78.626001,-0.076986,-0.604615,75.071999,-0.085981,-0.636709,2.689200,0.155552,0.306884,4.424500,-0.034563,-0.618297,597.800000,0.089683,0.564466,420.400000,0.047856,0.333689,1018.150000,-0.115306,-1.147844,2648.600000,0.107858,0.750946,31.010000,0.004229,-0.266948,-0.386764,getting worse,-0.410317,lowering,-0.311480,stagnating,-0.442623,lowering,-0.083230,stagnating,-0.508947,lowering
2024-10-14,4966.003906,0.012653,-0.223983,74.687999,-0.113811,-0.807842,70.938000,-0.131662,-0.881086,2.392800,0.125070,0.213301,4.325600,-0.010477,-0.383820,582.400000,0.086364,0.540478,405.150000,0.030392,0.202595,985.150000,-0.098096,-0.975899,2694.660010,0.103275,0.697087,31.795000,0.052208,-0.014654,-0.326715,stagnating,-0.223983,stagnating,-0.491876,lowering,-0.199237,stagnating,-0.077609,stagnating,-0.355870,lowering
2024-10-21,4936.324023,0.013623,-0.208514,75.144000,-0.080515,-0.624088,71.077998,-0.088206,-0.648609,2.409400,0.136295,0.247763,4.326900,0.048056,0.186001,575.450000,0.066043,0.393578,416.350000,0.037245,0.254035,990.850000,-0.105691,-1.051779,2746.319971,0.148876,1.232972,33.910800,0.185369,0.685563,-0.204536,stagnating,-0.208514,stagnating,-0.341645,stagnating,0.435782,getting better,-0.134722,stagnating,-0.273704,stagnating
2024-10-28,4902.195996,0.022994,-0.059078,72.270001,-0.086254,-0.655761,68.389999,-0.096040,-0.690519,2.574000,0.286485,0.708873,4.330600,0.059578,0.298162,568.200000,0.070762,0.427693,412.250000,0.064558,0.459053,976.150000,-0.054439,-0.539731,2767.260010,0.137863,1.103549,33.441601,0.182325,0.669558,-0.066406,stagnating,-0.059078,stagnating,-0.212469,stagnating,0.483860,getting better,0.115672,stagnating,-0.216995,stagnating
2024-11-04,4835.555957,0.043995,0.275826,75.006000,-0.038212,-0.390628,71.578000,-0.044097,-0.412642,2.712000,0.312173,0.787739,4.355300,0.096611,0.658679,571.700000,0.058312,0.337690,423.950000,0.104756,0.760787,1001.550000,-0.023973,-0.235353,2714.560010,0.108427,0.757635,31.896000,0.172742,0.619164,0.205794,stagnating,0.275826,stagnating,-0.005177,stagnating,0.638922,getting better,0.287708,stagnating,-0.069235,stagnating
2024-11-11,4793.487891,0.009466,-0.274813,71.920000,-0.108732,-0.779811,68.062000,-0.127858,-0.860733,2.883600,0.325671,0.829180,4.104100,0.006771,-0.215914,545.100000,0.025202,0.098348,425.600000,0.127417,0.930890,1000.750000,0.027253,0.276439,2590.700000,0.034484,-0.111299,30.539000,0.090788,0.188213,-0.160640,stagnating,-0.274813,stagnating,-0.270455,stagnating,-0.013851,stagnating,0.435226,getting better,0.149756,stagnating
2024-11-18,4763.236035,-0.024266,-0.812737,73.764000,-0.047346,-0.441037,69.752000,-0.052746,-0.458910,3.126400,0.462985,1.250758,4.113700,-0.012696,-0.405422,548.500000,0.057146,0.329261,427.800000,0.145228,1.064583,992.000000,0.039887,0.402659,2656.879980,0.045818,0.021891,31.109600,0.058416,0.017989,-0.258808,stagnating,-0.812737,lowering,0.116937,stagnating,-0.193717,stagnating,0.598834,getting better,-0.001951,stagnating
2024-11-25,4771.612012,-0.031450,-0.927298,72.897501,-0.085053,-0.649132,68.607500,-0.089917,-0.657764,3.341750,0.661901,1.861462,4.069500,-0.025480,-0.529868,536.312500,0.040071,0.205830,420.875000,0.141046,1.033194,986.875000,0.019183,0.195812,2634.174988,0.034324,-0.113181,30.348500,0.029517,-0.133977,-0.333900,stagnating,-0.927298,lowering,0.184855,stagnating,-0.331923,stagnating,0.478279,getting better,-0.010398,stagnating
2024-12-02,4914.723926,0.011802,-0.237558,72.194000,-0.004907,-0.206825,68.416000,-0.009755,-0.228923,3.090600,0.392633,1.034763,4.127400,0.022678,-0.061056,540.300000,-0.031503,-0.311565,425.400000,0.097276,0.704640,989.650000,-0.010474,-0.100483,2662.119971,0.052565,0.101172,31.070200,0.103286,0.253937,-0.051068,stagnating,-0.237558,stagnating,0.199672,stagnating,0.096441,stagnating,0.097531,stagnating,0.076383,stagnating
2024-12-09,4966.006055,0.036852,0.161917,73.150000,0.029644,-0.016149,69.712000,0.027019,-0.032192,3.291600,0.452091,1.217310,4.201000,0.023835,-0.049792,538.400000,-0.042759,-0.392932,434.850000,0.131685,0.962925,992.850000,0.005825,0.062356,2709.219971,0.057504,0.159219,31.804800,0.092550,0.197483,0.154672,stagnating,0.161917,stagnating,0.389656,getting better,0.073845,stagnating,0.210783,stagnating,0.019132,stagnating
2024-12-16,4917.633887,0.010253,-0.262266,73.262001,-0.008553,-0.226946,70.148001,-0.014941,-0.256666,3.445600,0.464592,1.255692,4.079300,-0.039351,-0.664905,540.450000,-0.056477,-0.492094,442.550000,0.082824,0.596160,969.600000,-0.039952,-0.395000,2647.700049,0.013613,-0.356560,30.086800,-0.023162,-0.410985,-0.171471,stagnating,-0.262266,stagnating,0.257360,stagnating,-0.537945,lowering,-0.096978,stagnating,-0.027213,stagnating
2024-12-23,4875.905029,-0.018665,-0.723419,73.410000,0.002568,-0.165575,69.889999,0.005698,-0.146251,3.707750,0.395150,1.042491,4.051750,-0.090251,-1.160413,540.687500,-0.072259,-0.606178,451.000000,0.088452,0.638407,978.187500,-0.066882,-0.664049,2637.374939,-0.014228,-0.683730,29.891001,-0.054800,-0.577351,-0.419308,getting worse,-0.723419,lowering,0.243555,stagnating,-0.868882,lowering,-0.210607,stagnating,0.053190,stagnating
2024-12-30,4870.364990,-0.017840,-0.710270,75.367500,0.005168,-0.151224,72.449999,0.017013,-0.085719,3.645750,0.254646,0.611120,4.014875,-0.113792,-1.389590,543.687500,-0.091279,-0.743674,455.250000,0.064041,0.455175,990.187500,-0.057682,-0.572135,2645.700012,-0.010317,-0.637774,29.368500,-0.073864,-0.677599,-0.491664,getting worse,-0.710270,lowering,0.124726,stagnating,-1.033594,lowering,-0.286878,stagnating,-0.019912,stagnating
2025-01-06,4998.004004,0.004602,-0.352378,77.238002,-0.017653,-0.277169,74.323999,-0.009964,-0.230038,3.692400,0.373048,0.974634,4.213800,-0.047621,-0.745416,536.800000,-0.102041,-0.821466,459.250000,0.092412,0.668133,995.600000,-0.022148,-0.217119,2678.199951,0.011176,-0.385206,30.624600,-0.012428,-0.354541,-0.244458,stagnating,-0.352378,lowering,0.155809,stagnating,-0.549978,lowering,-0.123484,stagnating,0.015332,stagnating
2025-01-13,5044.444043,0.015795,-0.173878,81.008000,0.084619,0.287246,78.584000,0.107784,0.399877,4.038200,0.687646,1.940505,4.342700,0.003953,-0.243341,542.900000,-0.067823,-0.574111,477.700000,0.179069,1.318602,1036.050000,0.051667,0.520356,2715.660010,0.007793,-0.424955,30.803200,-0.031194,-0.453217,0.167939,stagnating,-0.173878,stagnating,0.875876,getting better,-0.348279,stagnating,0.421616,getting better,-0.014131,stagnating
2025-01-20,5194.620020,0.052326,0.408672,78.770000,0.048254,0.086558,75.152502,0.057324,0.129932,3.922000,0.627791,1.756739,4.293000,-0.007835,-0.358096,552.687500,-0.039556,-0.369776,487.625000,0.171190,1.259458,1061.125000,0.070924,0.712746,2768.499939,0.008076,-0.421629,31.061501,-0.084023,-0.731019,0.308162,stagnating,0.408672,getting better,0.657743,getting better,-0.544558,lowering,0.534143,getting better,-0.154695,stagnating
2025-01-27,5236.780078,0.068252,0.662650,76.956001,0.064840,0.178093,72.964000,0.066881,0.181058,3.358800,0.304895,0.765393,4.246300,-0.019466,-0.471327,553.850000,-0.025255,-0.266398,487.300000,0.182050,1.340973,1047.300000,0.072888,0.732372,2782.239990,0.005413,-0.452922,31.342199,-0.062778,-0.619303,0.339363,stagnating,0.662650,getting better,0.374848,getting better,-0.545315,lowering,0.602316,getting better,-0.083191,stagnating
2025-02-03,5287.129980,0.093386,1.063469,75.144000,0.001840,-0.169591,71.700000,0.001704,-0.167617,3.336400,0.230236,0.536177,4.421200,0.015131,-0.134525,577.300000,0.009795,-0.013025,491.850000,0.160160,1.176667,1060.050000,0.058409,0.587716,2878.040039,0.060223,0.191174,32.598000,0.022009,-0.173455,0.430784,getting better,1.063469,getting better,0.066323,stagnating,-0.153990,stagnating,0.583786,getting better,-0.182314,stagnating
2025-02-10,5429.751953,0.132735,1.690970,75.562000,0.050640,0.099723,71.808000,0.055038,0.117701,3.576200,0.240186,0.566725,4.683700,0.141225,1.092992,581.700000,0.067144,0.401534,491.100000,0.153900,1.129678,1037.350000,0.036573,0.369547,2928.359961,0.130335,1.015089,32.553799,0.065975,0.057735,0.887376,getting better,1.690970,getting better,0.261383,stagnating,0.575364,getting better,0.633586,getting better,-0.478677,lowering
2025-02-17,5490.143945,0.152608,2.007885,75.697500,0.026212,-0.035087,71.767500,0.028895,-0.022155,4.168250,0.333243,0.852426,4.577500,0.112745,0.815746,593.062500,0.081244,0.503465,497.187500,0.162196,1.191947,1038.812500,0.047190,0.475624,2948.600037,0.109798,0.773745,33.182501,0.066632,0.061193,0.970827,getting better,2.007885,getting better,0.265061,stagnating,0.438469,getting better,0.723679,getting better,-0.356276,lowering
2025-02-24,5473.150000,0.147023,1.918825,73.509999,0.008402,-0.133375,69.672000,0.015516,-0.093731,3.968400,0.187522,0.405036,4.527900,0.112643,0.814749,560.300000,0.044727,0.239487,471.750000,0.120879,0.881813,1023.800000,0.037416,0.377975,2911.400000,0.105242,0.720203,31.929800,0.052105,-0.015199,0.855044,getting better,1.918825,getting better,0.059310,stagnating,0.399775,getting better,0.499758,getting better,-0.367701,lowering
2025-03-03,5481.200098,0.115261,1.412310,70.356001,-0.025459,-0.320248,67.268001,-0.016780,-0.266501,4.324600,0.399275,1.055157,4.666500,0.130615,0.989706,530.400000,-0.018323,-0.216288,444.250000,0.044311,0.307078,1000.850000,0.011317,0.117225,2917.680078,0.095999,0.611585,32.521801,0.046720,-0.043514,0.649677,getting better,1.412310,getting better,0.156136,stagnating,0.473096,getting better,0.069338,stagnating,-0.327550,stagnating
2025-03-10,5357.774023,0.078890,0.832297,70.049998,-0.042379,-0.413623,66.738000,-0.042661,-0.404959,4.248600,0.290740,0.721935,4.793700,0.141085,1.091637,543.600000,0.009658,-0.014016,452.600000,0.040819,0.280863,996.200000,0.003374,0.037868,2951.900000,0.089576,0.536104,33.377000,0.049433,-0.029249,0.427536,getting better,0.832297,getting better,-0.032216,stagnating,0.531194,getting better,0.101572,stagnating,-0.282676,stagnating
2025-03-17,5462.535937,0.110806,1.341261,71.314000,-0.026590,-0.326486,67.636002,-0.035810,-0.368307,4.054400,0.176689,0.371779,5.035000,0.234280,1.998887,562.500000,0.040799,0.211097,463.000000,0.046209,0.321327,1011.850000,0.043575,0.439504,3030.660010,0.144639,1.183174,33.940800,0.128096,0.384397,0.757713,getting better,1.341261,getting better,-0.107671,stagnating,1.191642,getting better,0.323976,stagnating,-0.399388,lowering
2025-03-24,5403.008008,0.108104,1.298170,73.493999,0.001144,-0.173430,69.408000,-0.006897,-0.213630,3.926000,0.058863,0.010034,5.134600,0.267255,2.319892,537.400000,-0.006080,-0.127786,455.350000,0.009645,0.046868,1009.950000,0.032471,0.328567,3042.300000,0.153533,1.287698,34.168200,0.143093,0.463258,0.757204,getting better,1.298170,getting better,-0.125675,stagnating,1.391575,getting better,0.082550,stagnating,-0.412220,lowering
2025-03-31,5172.845996,0.062106,0.564648,71.979999,-0.044946,-0.427794,68.666000,-0.052229,-0.456145,4.020000,0.102654,0.144478,4.851600,0.208406,1.747002,536.350000,-0.013496,-0.181392,458.900000,0.008018,0.034651,1013.400000,0.023443,0.238368,3118.419971,0.178675,1.583146,32.814800,0.117347,0.327873,0.345433,stagnating,0.564648,getting better,-0.246487,stagnating,1.037438,getting better,0.030542,stagnating,-0.627636,lowering
2025-04-07,4731.670020,-0.053288,-1.275558,64.120001,-0.169839,-1.117046,60.840000,-0.181422,-1.147286,3.604000,-0.023941,-0.244190,4.260100,0.010988,-0.174860,542.500000,0.010618,-0.007074,476.150000,0.036799,0.250691,1012.050000,0.016523,0.169233,3093.060010,0.154903,1.303788,30.384000,-0.007856,-0.330501,-0.755534,getting worse,-1.275558,lowering,-0.836174,lowering,-0.252680,stagnating,0.137617,stagnating,-0.817144,lowering
2025-04-14,4945.915039,-0.019532,-0.737250,65.839998,-0.187241,-1.213084,62.502501,-0.204641,-1.271500,3.286500,-0.186147,-0.742191,4.656750,0.072317,0.422176,546.500000,0.006631,-0.035899,483.187500,0.011487,0.060695,1038.250000,0.002123,0.025373,3285.374939,0.209789,1.948779,32.416249,0.052366,-0.013823,-0.565811,getting worse,-0.737250,lowering,-1.075592,lowering,0.204177,stagnating,0.016723,stagnating,-0.981301,lowering
2025-04-21,5082.322632,-0.021618,-0.770513,66.648003,-0.153891,-1.029034,63.094000,-0.160454,-1.035113,2.982400,-0.239572,-0.906212,4.822500,0.123340,0.918889,532.300000,-0.036888,-0.350489,477.100000,-0.021584,-0.187547,1041.500000,-0.018495,-0.180618,3357.160010,0.212628,1.982141,33.073000,0.064759,0.051341,-0.510082,getting worse,-0.770513,lowering,-0.990120,lowering,0.485115,getting better,-0.239551,stagnating,-0.965400,lowering
2025-04-28,5194.450073,-0.008083,-0.554672,63.330000,-0.177062,-1.156911,59.642000,-0.182583,-1.153498,3.398200,0.011730,-0.134672,4.685900,0.103525,0.725991,515.200000,-0.069784,-0.588289,465.750000,-0.044223,-0.357480,1043.350000,-0.003772,-0.033524,3293.180029,0.183643,1.641534,32.594800,0.039965,-0.079033,-0.440603,getting worse,-0.554672,lowering,-0.815027,lowering,0.323479,stagnating,-0.326431,stagnating,-0.860283,lowering
2025-05-05,5275.059961,-0.002283,-0.462174,62.050000,-0.174252,-1.141402,59.044000,-0.176513,-1.121026,3.604200,0.080266,0.075744,4.635700,0.048516,0.190479,513.950000,-0.109735,-0.877085,443.100000,-0.099116,-0.769514,1036.800000,-0.021933,-0.214970,3357.400000,0.166558,1.440753,32.580599,-0.000534,-0.291995,-0.517952,getting worse,-0.462174,lowering,-0.728895,lowering,-0.050758,stagnating,-0.620523,lowering,-0.866374,lowering
2025-05-12,5410.323926,-0.003578,-0.482828,65.523999,-0.132845,-0.912883,62.576000,-0.128565,-0.864518,3.496200,-0.022370,-0.239367,4.614200,-0.014839,-0.426279,513.400000,-0.117414,-0.932599,441.350000,-0.101303,-0.785934,1060.300000,0.022124,0.225191,3215.580029,0.098082,0.636069,32.424200,-0.003981,-0.310122,-0.548296,getting worse,-0.482828,lowering,-0.672256,lowering,-0.368201,lowering,-0.497781,lowering,-0.473096,lowering
2025-05-19,5417.425977,-0.013245,-0.636991,65.010001,-0.141187,-0.958923,61.910000,-0.137353,-0.911532,3.299000,-0.208541,-0.810942,4.669200,0.020033,-0.086806,542.250000,-0.085678,-0.703183,457.100000,-0.080629,-0.630746,1058.850000,0.019289,0.196869,3298.480029,0.118660,0.877883,33.049001,-0.004023,-0.310344,-0.586802,getting worse,-0.636991,lowering,-0.893799,lowering,-0.198575,stagnating,-0.379020,lowering,-0.594113,lowering
2025-05-26,5388.940063,-0.015386,-0.671131,64.260000,-0.125833,-0.874189,61.115000,-0.122818,-0.833775,3.392750,-0.145058,-0.616041,4.665000,0.030279,0.012940,531.687500,-0.051066,-0.452982,450.375000,-0.045310,-0.365638,1051.125000,0.026690,0.270810,3300.324951,0.133587,1.053299,33.080250,0.036031,-0.099723,-0.523600,getting worse,-0.671131,lowering,-0.774668,lowering,-0.043391,stagnating,-0.182603,stagnating,-0.576511,lowering
2025-06-02,5395.425977,-0.015649,-0.675321,65.385999,-0.070641,-0.569595,63.346000,-0.058304,-0.488644,3.718600,-0.140129,-0.600905,4.850400,0.039409,0.101816,543.700000,0.025075,0.097432,439.500000,-0.010692,-0.105789,1045.650000,0.044762,0.451366,3379.040039,0.158126,1.341664,35.059800,0.078040,0.121180,-0.397696,getting worse,-0.675321,lowering,-0.553048,lowering,0.111498,stagnating,0.147670,stagnating,-0.610242,lowering
2025-06-09,5364.954956,0.001340,-0.404395,69.454001,-0.008508,-0.226700,67.888002,0.017232,-0.084552,3.549600,-0.164525,-0.675806,4.843800,0.010451,-0.180083,536.200000,-0.013613,-0.182239,438.450000,-0.031264,-0.260204,1055.250000,0.059275,0.596366,3379.439941,0.144836,1.185486,36.378000,0.089912,0.183609,-0.289499,stagnating,-0.404395,lowering,-0.329019,stagnating,0.001763,stagnating,0.051308,stagnating,-0.500939,lowering
2025-06-16,5265.154004,-0.036134,-1.001997,75.847500,0.063571,0.171088,74.169998,0.096605,0.340073,3.858750,-0.048256,-0.318841,4.824500,-0.041807,-0.688818,556.875000,-0.010000,-0.156121,432.125000,-0.066685,-0.526080,1071.625000,0.059075,0.594365,3404.500000,0.123353,0.933032,36.577751,0.077693,0.119354,-0.476380,getting worse,-1.001997,lowering,0.064107,stagnating,-0.284732,stagnating,-0.029279,stagnating,-0.406839,lowering
2025-06-23,5268.129883,-0.024964,-0.823864,68.360001,-0.069856,-0.565264,65.712000,-0.053250,-0.461608,3.528200,-0.101325,-0.481770,4.951400,-0.035680,-0.629164,532.500000,-0.009118,-0.149745,414.550000,-0.089601,-0.698098,1036.250000,0.026041,0.264327,3341.520020,0.098353,0.639253,36.112399,0.056901,0.010021,-0.583546,getting worse,-0.823864,lowering,-0.502881,lowering,-0.309571,stagnating,-0.194505,stagnating,-0.314616,stagnating
2025-06-30,5307.270117,0.025986,-0.011360,68.184001,-0.052737,-0.470787,66.301999,-0.034428,-0.360912,3.431000,-0.146517,-0.620520,5.068500,0.044707,0.153395,542.437500,0.011350,-0.001787,425.312500,-0.073191,-0.574921,1038.937500,0.025200,0.255924,3341.319971,0.071479,0.323437,36.383801,0.108762,0.282729,-0.131576,stagnating,-0.011360,stagnating,-0.484073,lowering,0.218062,stagnating,-0.106928,stagnating,-0.020354,stagnating
2025-07-07,5396.178027,0.140438,1.813815,69.784001,0.088334,0.307752,67.931999,0.116568,0.446867,3.323400,-0.077858,-0.409724,5.436600,0.276167,2.406653,543.300000,0.001475,-0.073173,410.350000,-0.138192,-1.062828,1016.950000,0.004842,0.052530,3334.079980,0.077923,0.399167,37.030400,0.218747,0.861077,1.010248,getting better,1.813815,getting better,0.114965,stagnating,1.633865,getting better,-0.361157,lowering,0.230955,stagnating
2025-07-14,5351.893945,0.082084,0.883227,69.047998,0.048724,0.089152,66.951999,0.071189,0.204104,3.529400,0.073908,0.056225,5.524300,0.186299,1.531794,538.600000,-0.014456,-0.188330,405.950000,-0.159850,-1.225399,1010.950000,-0.026294,-0.258543,3351.700049,0.020188,-0.279299,38.085600,0.174892,0.630471,0.523463,getting better,0.883227,getting better,0.116494,stagnating,1.081133,getting better,-0.557424,lowering,0.454885,getting better
2025-07-21,5337.014063,0.050113,0.373391,68.786000,0.032079,-0.002709,65.970000,0.045583,0.067118,3.171600,0.063439,0.024081,5.728600,0.187890,1.547279,542.400000,0.018974,0.053328,400.550000,-0.160449,-1.229892,1006.800000,-0.033317,-0.328710,3391.360010,0.010187,-0.396822,38.977400,0.178526,0.649581,0.339116,stagnating,0.373391,getting better,0.029497,stagnating,1.098430,getting better,-0.501758,lowering,0.523201,getting better
2025-07-28,5357.470093,0.031383,0.074707,71.598000,0.130554,0.540754,68.502000,0.148553,0.617977,3.060600,-0.099347,-0.475698,5.102300,0.088862,0.583247,526.400000,0.021739,0.073314,391.650000,-0.159098,-1.219756,972.350000,-0.068050,-0.675718,3324.560010,0.009529,-0.404560,37.403000,0.147514,0.486506,0.136034,stagnating,0.074707,stagnating,0.227678,stagnating,0.534876,getting better,-0.607387,lowering,0.445533,getting better
2025-08-04,5287.001953,0.002264,-0.389667,67.262000,0.083997,0.283814,64.712001,0.095996,0.336815,3.015200,-0.163420,-0.672415,4.400800,-0.050672,-0.775115,513.250000,-0.001362,-0.093679,383.100000,-0.135410,-1.041944,967.600000,-0.066744,-0.662668,3447.899951,0.026955,-0.199772,37.844000,0.161550,0.560313,-0.318122,stagnating,-0.389667,lowering,-0.017262,stagnating,-0.107401,stagnating,-0.599430,lowering,0.380042,getting better
2025-08-11,5387.876074,-0.004149,-0.491934,66.213998,0.010530,-0.121630,63.307999,0.011698,-0.114156,2.869400,-0.179280,-0.721108,4.471300,-0.030970,-0.583313,507.450000,-0.011589,-0.167611,377.850000,-0.143877,-1.105500,1011.100000,-0.046402,-0.459436,3395.560010,0.055971,0.141205,37.987199,0.171569,0.612998,-0.421404,getting worse,-0.491934,lowering,-0.318965,stagnating,0.014843,stagnating,-0.577516,lowering,0.235897,stagnating
2025-08-18,5468.125977,0.009359,-0.276525,66.925999,0.029472,-0.017094,63.231999,0.021354,-0.062500,2.786400,-0.155380,-0.647731,4.434200,-0.050330,-0.771784,503.700000,-0.071093,-0.597748,383.600000,-0.160796,-1.232502,1023.950000,-0.032960,-0.325143,3385.060010,0.026248,-0.208080,37.989400,0.149487,0.496880,-0.368148,getting worse,-0.276525,stagnating,-0.242442,stagnating,-0.137452,stagnating,-0.718464,lowering,0.352480,getting better
2025-08-25,5393.833984,0.000908,-0.411286,68.162003,0.060722,0.155366,64.162001,0.049857,0.089983,2.844200,-0.161683,-0.667081,4.462700,-0.043366,-0.703987,509.350000,-0.042012,-0.387533,388.550000,-0.137274,-1.055943,1029.300000,-0.020763,-0.203286,3457.900049,0.047745,0.044539,39.067599,0.180995,0.662561,-0.352185,getting worse,-0.411286,lowering,-0.140577,stagnating,-0.020713,stagnating,-0.548921,lowering,0.309011,stagnating
2025-09-01,5329.597949,-0.012201,-0.620335,67.307499,0.029387,-0.017565,63.727499,0.006022,-0.144517,3.048750,-0.180135,-0.723732,4.524625,-0.067165,-0.935670,505.062500,-0.071064,-0.597541,399.875000,-0.090159,-0.702286,1015.062500,-0.029252,-0.288095,3621.924988,0.071880,0.328154,41.149500,0.173695,0.624174,-0.517169,getting worse,-0.620335,lowering,-0.295271,stagnating,-0.155748,stagnating,-0.529307,lowering,0.148010,stagnating
2025-09-08,5374.116016,0.001708,-0.398538,66.651999,-0.040343,-0.402390,62.723999,-0.076067,-0.583667,3.022200,-0.148580,-0.626853,4.544100,-0.061873,-0.884155,501.450000,-0.064808,-0.552316,399.900000,-0.087923,-0.685503,1014.300000,-0.038806,-0.383546,3680.319971,0.089033,0.529722,41.504199,0.140915,0.451803,-0.518557,getting worse,-0.398538,lowering,-0.537637,lowering,-0.216176,stagnating,-0.540455,lowering,-0.038960,stagnating
2025-09-15,5419.500000,0.029315,0.041714,67.596001,-0.108791,-0.780136,63.624000,-0.142187,-0.937390,3.014600,-0.218763,-0.842325,4.593900,-0.047798,-0.747134,526.800000,-0.054007,-0.474237,425.450000,-0.015447,-0.141479,1039.850000,-0.029651,-0.292082,3709.200049,0.089499,0.535206,42.190600,0.153450,0.517718,-0.393698,getting worse,0.041714,stagnating,-0.853284,lowering,-0.114708,stagnating,-0.302599,stagnating,-0.008744,stagnating
2025-09-22,5464.718066,0.037317,0.169321,68.611998,0.003686,-0.159401,64.348000,-0.020757,-0.287780,2.851200,-0.191883,-0.759799,4.665100,-0.057822,-0.844720,519.500000,-0.024413,-0.260311,424.000000,0.022796,0.145579,1011.600000,-0.023788,-0.233501,3787.800049,0.133556,1.052936,44.537200,0.233294,0.937572,-0.214610,stagnating,0.169321,stagnating,-0.402327,lowering,0.046426,stagnating,-0.116078,stagnating,-0.057682,stagnating
2025-09-29,5583.108008,0.051974,0.403059,65.795999,-0.035023,-0.373028,61.792000,-0.068022,-0.540632,3.362400,-0.019994,-0.232072,4.886500,-0.035908,-0.631389,513.350000,-0.053624,-0.471468,418.850000,-0.015195,-0.139586,1013.400000,-0.024580,-0.241421,3880.579980,0.161391,1.380040,46.750400,0.284923,1.209063,-0.142569,stagnating,0.403059,getting better,-0.381911,lowering,0.288837,stagnating,-0.284158,stagnating,-0.085488,stagnating
2025-10-06,5609.790039,0.039586,0.205510,65.024000,-0.068210,-0.556183,61.275999,-0.097980,-0.700899,3.312600,-0.003250,-0.180664,5.001000,-0.080124,-1.061825,506.350000,-0.068010,-0.575466,418.950000,0.020958,0.131782,1019.650000,0.002655,0.030683,4004.839990,0.201183,1.847648,47.541000,0.283837,1.203350,-0.309668,stagnating,0.205510,stagnating,-0.479249,lowering,0.070762,stagnating,-0.137667,stagnating,-0.322149,stagnating
2025-10-13,5596.933887,0.045786,0.304379,61.994000,-0.102161,-0.743547,58.292001,-0.129346,-0.868698,3.021600,-0.143877,-0.612414,4.988500,-0.096990,-1.226016,500.400000,-0.070925,-0.596533,416.950000,0.027097,0.177864,1010.200000,-0.000742,-0.003254,4203.179980,0.254044,2.468843,50.880800,0.335959,1.477430,-0.387487,getting worse,0.304379,stagnating,-0.741553,lowering,0.125707,stagnating,-0.140641,stagnating,-0.495707,lowering
2025-10-20,5669.960059,0.062384,0.569080,63.370000,-0.078737,-0.614276,59.426000,-0.099197,-0.707406,3.393800,0.070059,0.044407,5.012900,-0.124935,-1.498058,506.850000,-0.065542,-0.557623,423.450000,0.057171,0.403609,1036.750000,0.029748,0.301362,4163.459961,0.227667,2.158870,48.577799,0.246307,1.006000,-0.232152,stagnating,0.569080,getting better,-0.425758,lowering,-0.246029,stagnating,0.049116,stagnating,-0.576435,lowering
2025-10-27,5696.488086,0.063279,0.583355,65.002000,-0.092125,-0.688164,60.698000,-0.113924,-0.786191,3.648600,0.192119,0.419152,5.131600,0.005743,-0.225922,529.100000,0.005129,-0.046755,431.300000,0.101238,0.734385,1083.350000,0.114156,1.144674,4003.179980,0.204123,1.882201,47.566000,0.271716,1.139614,0.090544,stagnating,0.583355,getting better,-0.351734,lowering,0.456846,getting better,0.610768,getting better,-0.371294,lowering
2025-11-03,5637.258008,0.066249,0.630703,63.972001,-0.048913,-0.449686,60.078000,-0.071610,-0.559824,4.302600,0.426970,1.140184,4.963900,0.127954,0.963803,542.350000,0.056698,0.326022,431.400000,0.126077,0.920828,1108.250000,0.145360,1.456419,3993.639990,0.158282,1.343500,47.738400,0.261452,1.085642,0.462416,getting better,0.630703,getting better,0.043558,stagnating,1.024722,getting better,0.901090,getting better,-0.128929,stagnating
2025-11-10,5722.806055,0.062164,0.565561,63.866000,-0.035461,-0.375445,59.688000,-0.057181,-0.482634,4.529600,0.578588,1.605677,5.072400,0.134435,1.026897,534.150000,0.052616,0.296517,433.750000,0.147942,1.084955,1118.900000,0.106617,1.069344,4148.119971,0.221631,2.087937,51.558200,0.357252,1.589398,0.464759,getting better,0.565561,getting better,0.249199,stagnating,1.308148,getting better,0.816939,getting better,-0.249270,stagnating
2025-11-17,5560.541895,0.016901,-0.156249,63.707999,-0.048083,-0.445104,59.458000,-0.059685,-0.496031,4.467200,0.603216,1.681288,4.987700,0.124825,0.933344,536.300000,0.064721,0.384022,430.650000,0.122654,0.895134,1138.900000,0.112261,1.125740,4072.660010,0.203128,1.870504,50.397001,0.326607,1.428253,0.197073,stagnating,-0.156249,stagnating,0.246718,stagnating,1.180798,getting better,0.801632,getting better,-0.221125,stagnating
2025-11-24,5615.900000,0.041170,0.230779,63.045000,-0.075071,-0.594046,58.497500,-0.088284,-0.649029,4.595250,0.615656,1.719484,5.062875,0.134487,1.027401,527.375000,0.035388,0.171981,428.625000,0.103140,0.748659,1129.312500,0.097166,0.974921,4163.575012,0.204076,1.881647,52.647749,0.347606,1.538678,0.294318,stagnating,0.230779,stagnating,0.158803,stagnating,1.283040,getting better,0.631854,getting better,-0.171485,stagnating
2025-12-01,5698.044043,0.069132,0.676687,63.059999,-0.063106,-0.528012,59.332000,-0.068973,-0.545721,5.021600,0.647101,1.816025,5.272300,0.165246,1.326837,536.850000,0.062938,0.371131,435.350000,0.088715,0.640384,1118.650000,0.102050,1.023724,4242.819922,0.171427,1.497971,57.918201,0.407507,1.853660,0.551864,getting better,0.676687,getting better,0.247431,stagnating,1.590248,getting better,0.678413,getting better,0.177845,stagnating
2025-12-08,5725.339941,0.065355,0.616449,61.807999,-0.072676,-0.580827,58.125999,-0.073305,-0.568895,4.485000,0.484018,1.315332,5.318200,0.170353,1.376553,534.500000,0.065909,0.392609,435.700000,0.089522,0.646443,1088.500000,0.073154,0.735025,4263.980078,0.158590,1.347115,60.723600,0.463071,2.145842,0.494530,getting better,0.616449,getting better,0.055203,stagnating,1.761197,getting better,0.591359,getting better,0.399363,getting better
2025-12-15,5730.816016,0.057444,0.490291,59.890000,-0.114001,-0.808889,56.168000,-0.117188,-0.803657,3.962800,0.314536,0.794993,5.359000,0.166547,1.339504,510.800000,-0.030372,-0.303387,441.000000,0.036550,0.248817,1058.850000,0.018272,0.186708,4358.639941,0.175089,1.541007,64.662801,0.532635,2.511639,0.272378,stagnating,0.490291,getting better,-0.272518,stagnating,1.925572,getting better,0.044046,stagnating,0.485316,getting better
2025-12-22,5746.484863,0.051561,0.396481,61.832500,-0.098809,-0.725050,57.870000,-0.100671,-0.715296,4.245250,0.488934,1.330426,5.544625,0.188533,1.553537,518.312500,-0.002286,-0.100357,448.875000,0.058667,0.414839,1056.687500,0.044570,0.449453,4507.650024,0.190044,1.716754,71.476999,0.604883,2.891550,0.362588,getting better,0.396481,getting better,-0.036640,stagnating,2.222544,getting better,0.254645,stagnating,0.587398,getting better
2025-12-29,5773.965088,0.034185,0.119378,61.364999,-0.067345,-0.551404,57.692500,-0.066344,-0.531652,3.990750,0.186875,0.403053,5.622000,0.150517,1.183450,509.312500,-0.007865,-0.140688,440.125000,0.050794,0.355738,1038.937500,0.025200,0.255924,4350.150024,0.121005,0.905445,71.980001,0.539666,2.548610,0.187544,stagnating,0.119378,stagnating,-0.226668,stagnating,1.866030,getting better,0.156991,stagnating,0.821582,getting better
2026-01-05,5936.167969,0.058180,0.502034,61.550000,-0.053426,-0.474593,57.664000,-0.058946,-0.492080,3.394800,0.024814,-0.094502,5.869200,0.173605,1.408217,515.250000,0.017577,0.043226,445.400000,0.063134,0.448366,1047.500000,0.027313,0.277040,4474.340039,0.117233,0.861119,77.485802,0.629873,3.022959,0.362972,getting better,0.502034,getting better,-0.353725,lowering,2.215588,getting better,0.256211,stagnating,1.080920,getting better
2026-01-12,6024.354004,0.076367,0.792060,64.749998,0.044456,0.065597,60.260000,0.033761,0.003876,3.235800,0.070890,0.046957,5.940100,0.190759,1.575204,512.550000,0.024281,0.091686,421.650000,0.011272,0.059081,1039.500000,0.029004,0.293933,4613.720117,0.097674,0.631268,88.264601,0.734733,3.574357,0.610111,getting better,0.792060,getting better,0.038810,stagnating,2.574781,getting better,0.148233,stagnating,1.471545,getting better
2026-01-19,5921.029980,0.044281,0.280380,65.024998,0.026116,-0.035615,60.347500,0.015507,-0.093779,4.775500,0.407125,1.079256,5.789000,0.154821,1.225348,515.750000,0.017559,0.043100,425.000000,0.003660,0.001945,1062.312500,0.024656,0.250495,4874.099976,0.170685,1.489254,95.829250,0.972696,4.825672,0.410112,getting better,0.280380,stagnating,0.316621,stagnating,3.025510,getting better,0.098513,stagnating,1.668209,getting better
2026-01-26,5945.070020,0.043638,0.270127,68.592000,0.055229,0.125051,63.371999,0.044054,0.058941,5.897200,0.616291,1.721433,5.955500,0.160554,1.281165,532.250000,0.005954,-0.040797,428.750000,-0.005912,-0.069910,1068.100000,-0.014077,-0.136480,5106.440039,0.275596,2.722106,105.208202,1.211836,6.083173,0.439764,getting better,0.270127,stagnating,0.635142,getting better,3.682169,getting better,-0.082396,stagnating,1.680534,getting better
2026-02-02,5979.486035,0.060708,0.542351,67.738002,0.058870,0.145142,63.466000,0.056393,0.124952,3.388800,-0.212383,-0.822739,5.870500,0.182639,1.496156,529.650000,-0.023417,-0.253107,429.800000,-0.003709,-0.053371,1089.150000,-0.017234,-0.168028,4881.539941,0.222328,2.096138,79.449800,0.664274,3.203856,0.353005,getting better,0.542351,getting better,-0.184215,stagnating,2.350006,getting better,-0.158169,stagnating,0.553859,getting better
2026-02-09,6027.645996,0.053268,0.423694,68.502000,0.072589,0.220860,63.735999,0.067819,0.186077,3.174400,-0.299188,-1.089244,5.870700,0.157381,1.250275,539.100000,0.009267,-0.016844,429.600000,-0.009568,-0.097348,1125.500000,0.005899,0.063090,5040.719922,0.215182,2.012155,79.886800,0.549449,2.600053,0.282270,stagnating,0.423694,getting better,-0.227436,stagnating,1.925164,getting better,-0.017034,stagnating,0.293949,stagnating
2026-02-16,6059.006055,0.089643,1.003778,70.297501,0.103433,0.391077,65.085001,0.094638,0.329550,3.021250,-0.323682,-1.164444,5.746875,0.152209,1.199928,554.437500,0.033820,0.160642,426.625000,-0.009346,-0.095687,1136.500000,-0.002107,-0.016896,4998.424927,0.227312,2.154703,77.701000,0.541778,2.559717,0.504109,getting better,1.003778,getting better,-0.147939,stagnating,1.879822,getting better,0.016020,stagnating,0.202507,stagnating
2026-02-23,6140.762012,0.093460,1.064647,71.267999,0.130431,0.540071,65.917998,0.126852,0.501881,2.911000,-0.366520,-1.295965,5.925400,0.170363,1.376650,573.150000,0.086798,0.543611,431.550000,0.006824,0.025692,1145.400000,0.014245,0.146481,5214.040039,0.252299,2.448332,88.919801,0.688957,3.333649,0.617097,getting better,1.064647,getting better,-0.084671,stagnating,2.355150,getting better,0.238595,stagnating,0.442658,getting better
2026-03-02,5826.474023,0.022539,-0.066332,83.728001,0.327751,1.629039,78.472002,0.322592,1.549029,3.024000,-0.397801,-1.392005,5.806600,0.101341,0.704726,581.500000,0.083170,0.517388,437.550000,0.005053,0.012401,1161.800000,0.038573,0.389536,5161.480176,0.216521,2.027894,83.868599,0.448053,2.066867,0.322868,stagnating,-0.066332,stagnating,0.595354,getting better,1.385796,getting better,0.306442,stagnating,0.019486,stagnating
2026-03-09,5756.510059,0.005444,-0.338949,96.468001,0.560769,2.915009,91.981999,0.582459,2.939237,3.142600,-0.299309,-1.089616,5.817800,0.093942,0.632693,596.400000,0.115809,0.753328,443.750000,0.018476,0.113154,1198.450000,0.101011,1.013336,5142.480078,0.206028,1.904586,84.752800,0.395714,1.791650,0.552439,getting better,-0.338949,stagnating,1.588210,getting better,1.212171,getting better,0.626606,getting better,-0.056468,stagnating
2026-03-16,5672.043945,-0.010255,-0.589313,106.370000,0.776089,4.103313,96.098000,0.710903,3.626374,3.076400,-0.223680,-0.857423,5.569300,0.039242,0.100199,598.900000,0.172475,1.162950,461.300000,0.046032,0.319993,1160.750000,0.096236,0.965639,4817.440137,0.105262,0.720444,75.458600,0.166955,0.588736,0.649276,getting better,-0.589313,lowering,2.290755,getting better,0.344468,stagnating,0.816194,getting better,-0.065854,stagnating
2026-03-23,5575.333984,-0.029784,-0.900730,105.446001,0.705349,3.712914,92.984000,0.606774,3.069315,2.976000,-0.298981,-1.088610,5.460900,-0.015100,-0.428825,597.100000,0.152008,1.015000,463.650000,0.032916,0.221541,1164.650000,0.102171,1.024926,4446.079883,-0.013659,-0.677049,69.580000,-0.026540,-0.428747,0.372755,getting better,-0.900730,lowering,1.897873,getting better,-0.428786,lowering,0.753822,getting better,0.124151,stagnating
2026-03-30,5634.272461,-0.024194,-0.811585,110.330000,0.797930,4.223849,103.980000,0.802314,4.115394,2.847500,-0.286475,-1.050214,5.562625,-0.010561,-0.384638,604.750000,0.187385,1.270734,455.000000,0.033797,0.228158,1165.687500,0.122000,1.223034,4666.600098,0.072745,0.338316,73.403999,0.019783,-0.185159,0.548549,getting better,-0.811585,lowering,2.429676,getting better,-0.284898,stagnating,0.907309,getting better,-0.261738,stagnating
2026-04-06,5842.247559,-0.015822,-0.678079,100.981998,0.640650,3.355853,102.842001,0.783470,4.014583,2.744600,-0.191528,-0.758711,5.701200,-0.028624,-0.560479,583.800000,0.133042,0.877902,447.050000,0.003705,0.002276,1165.600000,0.112745,1.130569,4750.400098,0.061698,0.208508,74.462399,-0.039019,-0.494366,0.434844,getting better,-0.678079,lowering,2.203908,getting better,-0.527423,lowering,0.670249,getting better,-0.351437,lowering
2026-04-13,5964.171875,-0.009990,-0.585077,95.770000,0.479073,2.464150,92.038000,0.527348,2.644413,2.631400,-0.186785,-0.744149,6.057700,0.019798,-0.089095,591.550000,0.154131,1.030351,446.350000,0.058579,0.414178,1163.650000,0.119432,1.197385,4825.800000,0.045967,0.023644,78.949800,-0.105533,-0.844125,0.360699,getting better,-0.585077,lowering,1.454805,getting better,-0.466610,lowering,0.880638,getting better,-0.433885,lowering
2026-04-20,5919.462012,-0.000265,-0.429992,101.254002,0.557155,2.895065,92.989999,0.540909,2.716958,2.649000,-0.445294,-1.537814,6.051300,0.045310,0.159267,604.050000,0.171207,1.153787,454.100000,0.068471,0.488424,1165.650000,0.097276,0.976024,4753.259961,-0.024792,-0.807880,77.220599,-0.194186,-1.310300,0.480662,getting better,-0.429992,lowering,1.358070,getting better,-0.575516,lowering,0.872745,getting better,-0.251210,stagnating
2026-04-27,5848.602417,-0.016226,-0.684534,111.940001,0.631969,3.307944,102.038000,0.610143,3.087341,2.660600,-0.548837,-1.855709,5.933800,-0.003644,-0.317296,632.200000,0.187788,1.273646,465.100000,0.084781,0.610856,1180.450000,0.105187,1.055059,4627.540039,-0.093784,-1.618625,73.852399,-0.298036,-1.856389,0.411018,getting better,-0.684534,lowering,1.513192,getting better,-1.086842,lowering,0.979854,getting better,-0.118882,stagnating
2026-05-04,5908.909863,-0.011803,-0.613993,105.386000,0.555788,2.887523,98.799998,0.556739,2.801645,2.782200,-0.179001,-0.720251,6.050200,0.030611,0.016169,612.250000,0.155952,1.043512,460.200000,0.070731,0.505388,1190.700000,0.093238,0.935680,4647.539941,-0.047936,-1.079848,76.617398,-0.035650,-0.476652,0.476231,getting better,-0.613993,lowering,1.656306,getting better,-0.230242,stagnating,0.828193,getting better,0.301598,stagnating
2026-05-11,5848.182495,-0.029773,-0.900568,106.517999,0.554962,2.882961,101.571999,0.593636,2.999033,2.894200,-0.088269,-0.441686,6.470600,0.102185,0.712947,647.000000,0.200148,1.362999,460.350000,0.071578,0.511750,1196.000000,0.062639,0.629971,4673.860059,-0.072779,-1.371795,84.315201,0.055433,0.002305,0.547617,getting better,-0.900568,lowering,1.813436,getting better,0.357626,getting better,0.834907,getting better,0.687050,getting better
2026-05-18,5931.200000,-0.021094,-0.762150,106.903999,0.520737,2.694081,101.528000,0.559929,2.818712,3.013400,-0.002598,-0.178664,6.265300,0.090210,0.596365,657.200000,0.185346,1.255992,468.700000,0.098623,0.714753,1202.600000,0.058161,0.585234,4534.040039,-0.092906,-1.608316,76.011800,-0.021740,-0.403505,0.561568,getting better,-0.762150,lowering,1.778043,getting better,0.096430,stagnating,0.851993,getting better,0.602406,getting better
2026-05-25,6060.084961,-0.013138,-0.635281,94.907501,0.331699,1.650823,89.707500,0.360895,1.753942,3.127250,0.074287,0.057388,6.355375,0.072565,0.424590,623.125000,0.087194,0.546471,453.125000,0.049994,0.349736,1188.125000,0.037301,0.376829,4510.749878,-0.134884,-2.101613,75.541248,-0.150456,-1.080353,0.319591,stagnating,-0.635281,lowering,1.154051,getting better,-0.327881,stagnating,0.424345,getting better,0.510630,getting better
2026-06-01,6072.354004,0.042200,0.247206,95.381999,0.139189,0.588406,93.104001,0.186461,0.820775,3.225000,0.066468,0.033382,6.485800,0.116970,0.856878,592.150000,0.018315,0.048560,431.600000,-0.013598,-0.127604,1150.200000,-0.009985,-0.095596,4472.679883,-0.133450,-2.084764,73.303200,-0.125976,-0.951623,0.418342,getting better,0.247206,stagnating,0.480854,getting better,-0.047372,stagnating,-0.058213,stagnating,0.566570,getting better
2026-06-08,6073.314062,0.055034,0.451864,91.301999,-0.053551,-0.475283,88.423999,-0.038681,-0.383669,3.135800,-0.002164,-0.177330,6.314100,0.085307,0.548637,585.450000,-0.018360,-0.216555,416.350000,-0.061746,-0.489013,1116.200000,-0.068630,-0.681515,4227.179883,-0.177988,-2.608148,65.972401,-0.221590,-1.454406,0.149512,stagnating,0.451864,getting better,-0.345427,stagnating,-0.452885,lowering,-0.462361,lowering,0.576871,getting better
2026-06-15,6280.663965,0.107302,1.285382,80.382500,-0.244312,-1.528048,77.547501,-0.193037,-1.209424,3.191000,0.037251,-0.056319,6.456875,0.159369,1.269629,601.062500,0.003611,-0.057732,416.937500,-0.096168,-0.747392,1126.000000,-0.029938,-0.294943,4333.324951,-0.100492,-1.697462,69.229000,-0.082557,-0.723306,0.366814,getting better,1.285382,getting better,-0.931264,lowering,0.273161,stagnating,-0.366689,lowering,0.487078,getting better
2026-06-22,6249.129883,0.120853,1.501486,75.194000,-0.286896,-1.763056,71.903999,-0.226706,-1.389540,3.239000,0.088374,0.100636,6.130500,0.122617,0.911849,587.850000,-0.015492,-0.195818,411.150000,-0.113232,-0.875474,1119.050000,-0.039153,-0.387017,4100.960010,-0.077623,-1.428721,60.632800,-0.128589,-0.965363,0.318698,stagnating,1.501486,getting better,-1.017320,lowering,-0.026757,stagnating,-0.486103,lowering,0.231679,stagnating
2026-06-29,6323.074023,0.122252,1.523797,72.360001,-0.344149,-2.079026,69.380001,-0.332756,-1.956877,3.218000,0.130114,0.228786,6.132000,0.102357,0.714619,583.187500,-0.035655,-0.341578,415.187500,-0.087500,-0.682325,1120.875000,-0.038443,-0.379919,4071.375000,-0.127550,-2.015430,59.595000,-0.188123,-1.278422,0.239092,stagnating,1.523797,getting better,-1.269039,lowering,-0.281901,stagnating,-0.467941,lowering,0.368504,getting better
2026-07-06,6295.404004,0.077565,0.811174,75.296001,-0.254362,-1.583511,71.200002,-0.307676,-1.822705,3.134800,0.142170,0.265800,6.170500,0.082316,0.519519,611.600000,0.047619,0.260395,436.750000,-0.023040,-0.198474,1190.050000,0.020976,0.213728,4132.359961,-0.130103,-2.045428,60.240399,-0.190996,-1.293526,0.122135,stagnating,0.811174,getting better,-1.046805,lowering,-0.387004,lowering,0.091883,stagnating,0.375951,getting better
2026-07-13,6266.254004,0.050649,0.381943,85.062001,-0.111810,-0.796796,79.703998,-0.134010,-0.893646,2.898800,0.101619,0.141301,6.274500,0.035789,0.066581,658.650000,0.113431,0.736135,441.050000,-0.011874,-0.114661,1202.200000,0.033129,0.335139,4027.620020,-0.165398,-2.460202,57.090399,-0.276877,-1.745129,0.105814,stagnating,0.381943,getting better,-0.516380,lowering,-0.839274,lowering,0.318871,stagnating,0.357537,getting better
2026-07-20,6264.225977,0.058242,0.503029,94.354001,-0.068145,-0.555824,87.294002,-0.061254,-0.504424,2.887400,0.089996,0.105617,6.377200,0.053856,0.242463,686.400000,0.136330,0.901667,458.500000,0.009689,0.047200,1232.800000,0.057607,0.579702,4073.039941,-0.143106,-2.198234,58.421999,-0.243440,-1.569302,0.257183,stagnating,0.503029,getting better,-0.318210,stagnating,-0.663419,lowering,0.509523,getting better,0.314466,stagnating
2026-07-27,6304.593848,0.077966,0.817560,88.467999,-0.209684,-1.336941,82.917999,-0.187381,-1.179166,2.731800,0.026761,-0.088526,6.363000,0.072331,0.422318,657.200000,0.039544,0.202026,449.150000,-0.034294,-0.282947,1189.550000,0.007709,0.081176,4071.820020,-0.120090,-1.927760,58.007400,-0.214550,-1.417383,0.143550,stagnating,0.817560,getting better,-0.868211,lowering,-0.497533,lowering,0.000085,stagnating,0.255188,stagnating
2026-08-03,6483.320020,0.097211,1.124462,81.723999,-0.224527,-1.418858,77.359999,-0.217004,-1.337639,2.690600,-0.032924,-0.271768,6.618600,0.093947,0.632749,640.550000,0.046223,0.250303,441.250000,-0.041178,-0.334620,1157.800000,-0.027631,-0.271897,4249.520117,-0.085641,-1.522939,60.918600,-0.204899,-1.366634,0.216781,stagnating,1.124462,getting better,-1.009422,lowering,-0.366942,lowering,-0.118738,stagnating,0.078153,stagnating
2026-08-10,6541.178125,0.118498,1.463924,88.240001,-0.171595,-1.126740,82.449998,-0.188261,-1.183870,2.765000,-0.044641,-0.307742,6.599100,0.019859,-0.088498,650.200000,0.004946,-0.048080,447.800000,-0.027262,-0.230164,1162.400000,-0.028094,-0.276521,4437.200000,-0.050635,-1.111567,65.058200,-0.228393,-1.490178,0.233193,stagnating,1.463924,getting better,-0.872784,lowering,-0.789338,lowering,-0.184922,stagnating,-0.189306,stagnating
2026-08-17,6465.472070,0.090078,1.010717,92.336000,-0.136272,-0.931798,86.032001,-0.152628,-0.993246,2.757200,-0.085020,-0.431713,6.522700,0.041083,0.118121,676.750000,0.029747,0.131205,472.750000,0.008641,0.039330,1213.950000,0.009438,0.098450,4538.320020,0.000944,-0.505443,66.657602,-0.123062,-0.936304,0.167408,stagnating,1.010717,getting better,-0.785586,lowering,-0.409091,lowering,0.089662,stagnating,-0.215431,stagnating
2026-08-24,6456.950000,0.065488,0.618580,89.519998,-0.056766,-0.493023,83.306001,-0.071360,-0.558487,2.837800,-0.092557,-0.454853,6.610400,0.040127,0.108814,721.500000,0.157874,1.057403,505.650000,0.115917,0.844568,1246.200000,0.048880,0.492504,4647.899902,0.030405,-0.159233,68.318201,-0.095617,-0.791985,0.219059,stagnating,0.618580,getting better,-0.502121,lowering,-0.341586,stagnating,0.798158,getting better,-0.316376,stagnating
2026-08-31,6385.362012,0.051546,0.396247,94.513998,-0.009100,-0.229967,89.954002,-0.033833,-0.357732,2.936600,-0.089426,-0.445241,6.555000,0.010669,-0.177958,745.450000,0.258887,1.787609,516.500000,0.196710,1.451015,1296.750000,0.127413,1.277114,4461.800000,-0.002433,-0.545122,65.716399,-0.103499,-0.833430,0.271631,stagnating,0.396247,getting better,-0.344313,stagnating,-0.505694,lowering,1.505246,getting better,-0.144154,stagnating
2026-09-07,6344.564062,0.044663,0.286470,102.842499,0.126399,0.517823,97.902502,0.107194,0.396718,2.850750,-0.090902,-0.449771,6.619750,0.048408,0.189421,717.937500,0.226300,1.552045,510.750000,0.226732,1.676370,1298.500000,0.163322,1.635878,4428.974976,0.047738,0.044447,65.769249,-0.003079,-0.305381,0.443814,getting better,0.286470,stagnating,0.154923,stagnating,-0.057980,stagnating,1.621431,getting better,-0.174914,stagnating
2026-09-14,6264.495996,-0.002574,-0.466820,105.790001,0.316082,1.564641,102.372002,0.320120,1.535806,2.903800,-0.090003,-0.447012,6.466300,0.001460,-0.267615,721.500000,0.200374,1.364632,528.000000,0.266377,1.973950,1309.550000,0.163011,1.632767,4379.359961,0.010623,-0.391695,64.612601,-0.066683,-0.639836,0.338210,stagnating,-0.466820,lowering,0.884478,getting better,-0.453726,lowering,1.657116,getting better,-0.124070,stagnating
2026-09-21,6303.612012,0.008718,-0.286736,102.717999,0.366040,1.840344,93.910001,0.306047,1.460520,3.063400,-0.054214,-0.337134,6.707600,0.094136,0.634585,712.550000,0.212129,1.449604,532.900000,0.296121,2.197213,1321.600000,0.181002,1.812513,4339.579980,0.058186,0.167236,64.768201,0.068204,0.069458,0.597422,getting better,-0.286736,stagnating,0.987910,getting better,0.352021,getting better,1.819777,getting better,-0.048889,stagnating
2026-09-28,6260.901953,-0.009833,-0.582570,103.191998,0.426092,2.171757,91.275999,0.315595,1.511601,3.007800,-0.065320,-0.371230,6.528500,0.064661,0.347646,684.600000,0.173893,1.173207,509.150000,0.226313,1.673225,1288.250000,0.149325,1.496039,4179.879980,0.026651,-0.203353,60.537600,0.015817,-0.206017,0.440146,getting better,-0.582570,lowering,1.104043,getting better,0.070815,stagnating,1.447490,getting better,-0.001332,stagnating
